ticker,cik,fiscal_year,revenue,ebit,ebitda,interest_expense,tax_expense,net_income,d_and_a,capex,assets_current,liabilities_current,cash,short_term_borrowings,long_term_debt_current,long_term_debt_noncurrent,gross_debt,net_debt,shares_out,nwc,delta_nwc,effective_tax_rate
AAPL,0000320193,2009,,4409000000,,,1512000000,3496000000,,,32311000000,14092000000,6392000000,,,,,,,11827000000,,0.3019169329073482
AAPL,0000320193,2010,,8327000000,,,2828000000,6119000000,,,31555000000,11506000000,9352000000,,,,,,,10697000000,-1130000000,0.3160836034424947
AAPL,0000320193,2011,,11740000000,,,3831000000,8235000000,,,41678000000,20722000000,11875000000,,,,,,,9081000000,-1616000000,0.317503729487817
AAPL,0000320193,2012,,18385000000,,,4527000000,14013000000,,,44988000000,27970000000,5263000000,,,,,,,11755000000,2674000000,0.2441747572815534
AAPL,0000320193,2013,,33790000000,,0,8283000000,25922000000,,,57653000000,38542000000,11261000000,,,,,,,7850000000,-3905000000,0.24215757930127174
AAPL,0000320193,2014,,55241000000,,0,14030000000,41733000000,,,73286000000,43658000000,9815000000,,,,,,,19813000000,11963000000,0.25160052364471064
AAPL,0000320193,2015,,48999000000,,136000000,13118000000,37037000000,,8165000000,68531000000,63448000000,10746000000,,0,28987000000,28987000000,18241000000,,-5663000000,-25476000000,0.2615491974877879
AAPL,0000320193,2016,,52503000000,,384000000,13973000000,39510000000,,9571000000,89378000000,80610000000,14259000000,,2500000000,53329000000,55829000000,41570000000,,-7991000000,-2328000000,0.26126058747639436
AAPL,0000320193,2017,,71230000000,80430000000,733000000,19121000000,53394000000,9200000000,11247000000,106869000000,79006000000,13844000000,,3500000000,75427000000,78927000000,65083000000,,10519000000,18510000000,0.26368337585327173
AAPL,0000320193,2018,215639000000,60024000000,70529000000,1456000000,15685000000,45687000000,10505000000,12734000000,128645000000,100814000000,21120000000,,6496000000,97207000000,103703000000,82583000000,,215000000,-10304000000,0.2555725738121619
AAPL,0000320193,2019,,61344000000,71501000000,2323000000,15738000000,48351000000,10157000000,12451000000,131339000000,115929000000,25913000000,,8784000000,93735000000,102519000000,76606000000,,-19287000000,-19502000000,0.24556476150353415
AAPL,0000320193,2020,,70898000000,81801000000,3240000000,13372000000,59531000000,10903000000,13313000000,162819000000,105718000000,48844000000,,10260000000,91807000000,102067000000,53223000000,,-2003000000,17284000000,0.18342180705869443
AAPL,0000320193,2021,,63930000000,76477000000,3576000000,10481000000,55256000000,12547000000,10495000000,143713000000,105392000000,38016000000,,8773000000,98667000000,107440000000,69424000000,,-8468000000,-6465000000,0.1594383680423506
AAPL,0000320193,2022,,66288000000,77344000000,2873000000,9680000000,57411000000,11056000000,7309000000,134836000000,125481000000,34940000000,,9613000000,109106000000,118719000000,83779000000,,-35198000000,-26730000000,0.14428164731484103
AAPL,0000320193,2023,,108949000000,120233000000,2645000000,14527000000,94680000000,11284000000,11085000000,135405000000,153982000000,23646000000,,11128000000,98959000000,110087000000,86441000000,,-53351000000,-18153000000,0.13302260844085087
AAPL,0000320193,2024,,119437000000,130541000000,,19300000000,99803000000,11104000000,10708000000,143566000000,145308000000,29965000000,,9822000000,95281000000,105103000000,75138000000,,-41529000000,11822000000,0.16204461684424407
MSFT,0000789019,2010,13762000000,22271000000,23671000000,106000000,6133000000,4289000000,1400000000,3182000000,49280000000,27034000000,6111000000,2000000000,,3746000000,5746000000,-365000000,,14135000000,,0.5884667050470159
MSFT,0000789019,2011,,20363000000,22063000000,38000000,5252000000,14569000000,1700000000,3119000000,55676000000,26147000000,10339000000,1000000000,,4939000000,5939000000,-4400000000,,18190000000,4055000000,0.26497149487916855
MSFT,0000789019,2012,,24098000000,25898000000,151000000,6253000000,18760000000,1800000000,1977000000,74918000000,28774000000,6076000000,,,11921000000,11921000000,5845000000,,40068000000,21878000000,0.24999000519729742
MSFT,0000789019,2013,,27161000000,29161000000,295000000,4921000000,23150000000,2000000000,2355000000,85084000000,32688000000,5505000000,,1231000000,10713000000,11944000000,6439000000,,45660000000,5592000000,0.17530547540166008
MSFT,0000789019,2014,,21763000000,23963000000,380000000,5289000000,16978000000,2200000000,2305000000,101466000000,37417000000,9610000000,0,2999000000,12601000000,15600000000,5990000000,,51440000000,5780000000,0.23752638433556383
MSFT,0000789019,2015,,26764000000,29364000000,429000000,5189000000,21863000000,2600000000,4257000000,114246000000,45625000000,6938000000,2000000000,0,20645000000,22645000000,15707000000,,59683000000,8243000000,0.19181576223569421
MSFT,0000789019,2016,,27759000000,31159000000,597000000,5746000000,22074000000,3400000000,5485000000,122797000000,49647000000,3804000000,4985000000,2499000000,27808000000,35292000000,31488000000,,61862000000,2179000000,0.20654205607476636
MSFT,0000789019,2017,,18161000000,22261000000,781000000,6314000000,12193000000,4100000000,5944000000,139660000000,59357000000,8669000000,12904000000,0,40557000000,53461000000,44792000000,,58730000000,-3132000000,0.34116820662452046
MSFT,0000789019,2018,,26078000000,30978000000,1243000000,5100000000,20539000000,4900000000,8343000000,162696000000,55745000000,5595000000,9072000000,1049000000,76073000000,86194000000,80599000000,,91235000000,32505000000,0.198915714341433
MSFT,0000789019,2019,,29025000000,35125000000,2222000000,4412000000,25489000000,6100000000,8129000000,169662000000,58488000000,6510000000,,3998000000,72242000000,76240000000,69730000000,,100666000000,9431000000,0.14755359352530015
MSFT,0000789019,2020,,35058000000,42758000000,2733000000,19903000000,16571000000,7700000000,11632000000,175552000000,69420000000,11356000000,,5516000000,66662000000,72178000000,60822000000,,89260000000,-11406000000,0.5456763722103416
MSFT,0000789019,2021,,42959000000,52659000000,2686000000,4448000000,39240000000,9700000000,13925000000,181915000000,72310000000,13576000000,,3749000000,59578000000,63327000000,49751000000,,92280000000,3020000000,0.10181285478850027
MSFT,0000789019,2022,,52959000000,63659000000,2591000000,8755000000,44281000000,10700000000,15441000000,184406000000,88657000000,14224000000,,8072000000,50074000000,58146000000,43922000000,,73453000000,-18827000000,0.16507655177615205
MSFT,0000789019,2023,,69916000000,79216000000,2346000000,9831000000,61271000000,9300000000,20622000000,169684000000,95082000000,13931000000,,2749000000,47032000000,49781000000,35850000000,,57922000000,-15531000000,0.13826615285083402
MSFT,0000789019,2024,,83383000000,95983000000,2063000000,10978000000,72738000000,12600000000,23886000000,184257000000,104149000000,34704000000,,5247000000,41990000000,47237000000,12533000000,,40157000000,-17765000000,0.13113383343685794
MSFT,0000789019,2025,,88523000000,99523000000,,16950000000,72361000000,11000000000,28107000000,159734000000,125286000000,18315000000,,2249000000,42688000000,44937000000,26622000000,,13884000000,-26273000000,0.18978625253328257
GOOGL,0001652044,2015,55519000000,15403000000,,81000000,2739000000,12733000000,,7358000000,78656000000,16779000000,14778000000,2009000000,,2992000000,5001000000,-9777000000,,45090000000,,0.17702947259565668
GOOGL,0001652044,2016,66001000000,16496000000,,101000000,3639000000,14136000000,,11014000000,90114000000,19310000000,18898000000,3225000000,,1995000000,5220000000,-13678000000,,48681000000,3591000000,0.20472573839662447
GOOGL,0001652044,2017,74989000000,19360000000,,104000000,3303000000,16348000000,,9950000000,105408000000,16756000000,18347000000,,,3935000000,3935000000,-14412000000,,70305000000,21624000000,0.16808304920869166
GOOGL,0001652044,2018,,23716000000,,124000000,4672000000,19478000000,,10212000000,124308000000,24183000000,16549000000,,,3943000000,3943000000,-12606000000,,83576000000,13271000000,0.19345755693581781
GOOGL,0001652044,2019,,26178000000,,109000000,14531000000,12662000000,,13184000000,135676000000,34620000000,16701000000,,,3950000000,3950000000,-12751000000,,84355000000,779000000,0.5343654616997021
GOOGL,0001652044,2020,136819000000,27524000000,,114000000,4177000000,30736000000,,25139000000,152578000000,45221000000,18498000000,,0,,,,,88859000000,4504000000,0.1196402486179933
GOOGL,0001652044,2021,161857000000,34231000000,,100000000,5282000000,34343000000,,23548000000,174296000000,56834000000,26465000000,,999000000,,999000000,-25466000000,,89998000000,1139000000,0.13329968454258675
GOOGL,0001652044,2022,,41224000000,,135000000,7813000000,40269000000,,22281000000,188143000000,64254000000,20945000000,,,,,,,102944000000,12946000000,0.16249324071378063
GOOGL,0001652044,2023,,78714000000,88987000000,346000000,14701000000,76033000000,10273000000,24640000000,164795000000,69300000000,21879000000,,0,,,,,73616000000,-29328000000,0.1620230564066392
GOOGL,0001652044,2024,,74842000000,88317000000,,11356000000,59972000000,13475000000,31485000000,171530000000,81814000000,24048000000,,1000000000,11870000000,12870000000,-11178000000,,64668000000,-8948000000,0.1592081650964558
AMZN,0001018724,2009,,655000000,,77000000,184000000,476000000,,224000000,6157000000,4746000000,1022000000,,,409000000,409000000,-613000000,,389000000,,0.2787878787878788
AMZN,0001018724,2010,,842000000,1153000000,71000000,247000000,645000000,311000000,333000000,9797000000,7364000000,2539000000,,,109000000,109000000,-2430000000,,-106000000,-495000000,0.2769058295964126
AMZN,0001018724,2011,,1129000000,1513000000,34000000,253000000,902000000,384000000,373000000,13747000000,10372000000,2769000000,,129000000,184000000,313000000,-2456000000,,477000000,583000000,0.21904761904761905
AMZN,0001018724,2012,,1406000000,1958000000,39000000,352000000,1152000000,552000000,979000000,17490000000,14896000000,3444000000,,129000000,255000000,384000000,-3060000000,,-979000000,-1456000000,0.23404255319148937
AMZN,0001018724,2013,,862000000,1896000000,65000000,291000000,631000000,1034000000,1811000000,21296000000,19002000000,3777000000,,579000000,3084000000,3663000000,-114000000,,-2062000000,-1083000000,0.3156182212581345
AMZN,0001018724,2014,,676000000,2329000000,92000000,428000000,-39000000,1653000000,3785000000,24625000000,22980000000,5269000000,,753000000,3191000000,3944000000,-1325000000,,-4377000000,-2315000000,1.1002570694087404
AMZN,0001018724,2015,,745000000,3205000000,141000000,161000000,274000000,2460000000,3444000000,31327000000,28089000000,8084000000,,1520000000,8265000000,9785000000,1701000000,,-6366000000,-1989000000,0.3701149425287356
AMZN,0001018724,2016,,178000000,3794000000,210000000,167000000,-241000000,3616000000,4893000000,35705000000,33887000000,8658000000,,238000000,8227000000,8465000000,-193000000,,-7078000000,-712000000,
AMZN,0001018724,2017,,2233000000,8514000000,459000000,950000000,596000000,6281000000,,45781000000,43816000000,14557000000,,1056000000,7694000000,8750000000,-5807000000,,-13648000000,-6570000000,0.6144890038809832
AMZN,0001018724,2018,135987000000,4186000000,12302000000,484000000,1425000000,2371000000,8116000000,,60197000000,57883000000,20522000000,,100000000,24743000000,24843000000,4321000000,,-18308000000,-4660000000,0.3753951527924131
AMZN,0001018724,2019,177866000000,4106000000,15584000000,848000000,769000000,3033000000,11478000000,,75101000000,68391000000,31750000000,,1371000000,23495000000,24866000000,-6884000000,,-26411000000,-8103000000,0.20226196738558652
AMZN,0001018724,2020,232887000000,12421000000,27762000000,1417000000,1197000000,10073000000,15341000000,,96334000000,87812000000,36092000000,,1305000000,23414000000,24719000000,-11373000000,,-28875000000,-2464000000,0.1062111801242236
AMZN,0001018724,2021,280522000000,14541000000,36330000000,1600000000,2374000000,11588000000,21789000000,,132733000000,126385000000,42122000000,,1155000000,31816000000,32971000000,-9151000000,,-36929000000,-8054000000,0.1700329465692594
AMZN,0001018724,2022,386064000000,22899000000,48079000000,1647000000,2863000000,21331000000,25180000000,,161580000000,142266000000,36220000000,,1491000000,48744000000,50235000000,14015000000,,-18397000000,18532000000,0.11833512441101099
AMZN,0001018724,2023,469822000000,24879000000,59312000000,1809000000,4791000000,33364000000,34433000000,,146791000000,155393000000,53888000000,,2999000000,67150000000,70149000000,16261000000,,-65489000000,-47092000000,0.12556676713405845
AMZN,0001018724,2024,513983000000,12248000000,54169000000,,-3217000000,-2722000000,41921000000,,172351000000,164917000000,73387000000,147000000,8494000000,58314000000,66955000000,-6432000000,,-74594000000,-9105000000,
NVDA,0001045810,2010,4097860000,836346000,,54000,103696000,797645000,,,2167958000,778591000,544414000,,,,,,,844953000,,0.11504635870330984
NVDA,0001045810,2011,3326445000,-98945000,,3320000,-14307000,-67987000,,77601000,3226950000,942682000,417688000,,,,,,,1866580000,1021627000,
NVDA,0001045810,2012,3543309000,255747000,,3127000,18023000,253146000,,,3905358000,929958000,447221000,,,,,,,2528179000,661599000,0.06646408697159337
NVDA,0001045810,2013,3997930000,648299000,,3089000,82306000,581090000,,,4775258000,976223000,665361000,,,,,,,3133674000,605495000,0.12406767601854699
NVDA,0001045810,2015,4280159000,648239000,,3294000,99503000,562536000,,,5624711000,945496000,667876000,,,,,,,4011339000,877665000,0.15029779212402894
NVDA,0001045810,2016,4130000000,496000000,,10000000,70000000,440000000,,,5713000000,896000000,733000000,,,,,,,4084000000,72661000,0.13725490196078433
NVDA,0001045810,2017,4682000000,759000000,,46000000,124000000,631000000,,,6053000000,2351000000,1152000000,,,,,,,2550000000,-1534000000,0.16423841059602648
NVDA,0001045810,2018,5010000000,747000000,,47000000,129000000,614000000,,,8536000000,1788000000,497000000,,,,,,,6251000000,3701000000,0.17362045760430686
NVDA,0001045810,2019,,1934000000,,58000000,239000000,1666000000,,,9255000000,1153000000,596000000,,,,,,,7506000000,1255000000,0.12545931758530185
NVDA,0001045810,2020,,3210000000,,61000000,149000000,3047000000,,,10557000000,1329000000,782000000,,,,,,,8446000000,940000000,0.046620775969962454
NVDA,0001045810,2021,,3804000000,,58000000,-245000000,4141000000,,,13690000000,1784000000,10896000000,0,0,1991000000,1991000000,-8905000000,,1010000000,-7436000000,-0.06288501026694045
NVDA,0001045810,2022,10918000000,2846000000,3227000000,52000000,174000000,2796000000,381000000,,16055000000,3925000000,847000000,999000000,999000000,5964000000,7962000000,7115000000,,9285000000,8275000000,0.05858585858585859
NVDA,0001045810,2023,16675000000,4532000000,5630000000,184000000,77000000,4332000000,1098000000,,28829000000,4335000000,1990000000,0,0,10946000000,10946000000,8956000000,,22504000000,13219000000,0.017464277613971423
NVDA,0001045810,2024,26914000000,10041000000,11215000000,236000000,189000000,9752000000,1174000000,,23073000000,6563000000,3389000000,1250000000,1250000000,9703000000,12203000000,8814000000,,10621000000,-11883000000,0.019012171813700834
NVDA,0001045810,2025,26974000000,4224000000,5768000000,,-187000000,4368000000,1544000000,,44345000000,10631000000,7280000000,1250000000,1250000000,8459000000,10959000000,3679000000,,23934000000,13313000000,-0.044726142071274816
META,0001326801,2012,1974000000,1032000000,1171000000,22000000,402000000,606000000,139000000,293000000,4604000000,899000000,633000000,,,0,,,,3072000000,,0.39880952380952384
META,0001326801,2013,3711000000,1756000000,2079000000,42000000,695000000,1000000000,323000000,606000000,11267000000,1052000000,1785000000,,,1500000000,1500000000,-285000000,,8430000000,5358000000,0.41002949852507375
META,0001326801,2014,5089000000,538000000,1187000000,51000000,441000000,53000000,649000000,1235000000,13070000000,1100000000,1512000000,,,,,,,10458000000,2028000000,0.8927125506072875
META,0001326801,2015,7872000000,2804000000,3815000000,56000000,1254000000,1500000000,1011000000,1362000000,13390000000,1424000000,2384000000,,,,,,,9582000000,-876000000,0.4553376906318083
META,0001326801,2016,12466000000,4994000000,6237000000,23000000,1970000000,2940000000,1243000000,1831000000,21652000000,1925000000,3323000000,,,,,,,16404000000,6822000000,0.40122199592668023
META,0001326801,2017,17928000000,6225000000,8170000000,23000000,2506000000,3688000000,1945000000,2523000000,34401000000,2875000000,4315000000,,,,,,,27211000000,10807000000,0.4045850823377462
META,0001326801,2018,,12427000000,14769000000,10000000,2301000000,10217000000,2342000000,4491000000,48563000000,3760000000,8903000000,,,,,,,35900000000,8689000000,0.18381530595941845
META,0001326801,2019,,20203000000,23228000000,6000000,4660000000,15934000000,3025000000,6733000000,50480000000,7017000000,8079000000,,,,,,,35384000000,-516000000,0.22627949888316987
META,0001326801,2020,,24913000000,29228000000,,3249000000,22112000000,4315000000,13915000000,66225000000,15053000000,10019000000,,,,,,,41153000000,5769000000,0.12811009029612397
META,0001326801,2021,,23986000000,29727000000,,6327000000,18485000000,5741000000,15102000000,75670000000,14981000000,19079000000,,,,,,,41610000000,457000000,0.2549975818152507
META,0001326801,2022,,32671000000,39533000000,,4034000000,29146000000,6862000000,15163000000,66666000000,21135000000,17576000000,,,0,,,,27955000000,-13655000000,0.12157926461723931
META,0001326801,2023,,46753000000,54720000000,23000000,7914000000,39370000000,7967000000,18690000000,59549000000,27026000000,16601000000,,,9923000000,9923000000,-6678000000,,15922000000,-12033000000,0.16737162676592504
META,0001326801,2024,,28944000000,37630000000,,5619000000,23200000000,8686000000,31186000000,85365000000,31960000000,14681000000,,,18385000000,18385000000,3704000000,,38724000000,22802000000,0.19497553697213643
TSLA,0001318605,2011,111943000,-51897000,,2531000,26000,-55740000,,11884000,235886000,85565000,9277000,,7916000,71828000,79744000,70467000,,133128000,,
TSLA,0001318605,2012,116744000,-146838000,-136838000,992000,173000,-154328000,10000000,40203000,372838000,191339000,69627000,,7916000,268335000,276251000,206624000,,103956000,-29172000,
TSLA,0001318605,2013,204242000,-251488000,-236888000,43000,489000,-254411000,14600000,184226000,524768000,539108000,99558000,,50841000,401495000,452336000,352778000,,-164739000,-268695000,
TSLA,0001318605,2014,413256000,-394283000,-368983000,254000,136000,-396213000,25300000,239228000,1265939000,675160000,255266000,,,,,,,335513000,500252000,
TSLA,0001318605,2015,2013496000,-61283000,22617000,32934000,2588000,-74014000,83900000,264224000,3180073000,2107166000,201890000,,,,,,,871017000,535504000,
TSLA,0001318605,2016,3198356000,-186689000,-30789000,100886000,9404000,-294040000,155900000,969885000,2782006000,2811035000,845889000,1114652,,,1114652,-844774348,,-876032652,-1747049652,
TSLA,0001318605,2017,4046025000,-716629000,-437929000,118851000,13039000,-888663000,278700000,1634850000,6259796000,5827005000,1905713000,1114652000,,,1114652000,-791061000,,-2587574000,-1711541348,
TSLA,0001318605,2018,7000132000,-667340000,,198810000,26698000,-674914000,,1280802000,6570520000,7674670000,1196908000,799849000,,,799849000,-397059000,,-3100907000,-513333000,
TSLA,0001318605,2019,11759000000,-1632000000,,471000000,32000000,-1962000000,,3415000000,8307000000,9993000000,3393000000,2222000000,,,2222000000,-1171000000,,-7301000000,-4200093000,
TSLA,0001318605,2020,21461000000,-388000000,,663000000,58000000,-976000000,,2101000000,12103000000,10667000000,3686000000,1399000000,,,1399000000,-2287000000,,-3649000000,3652000000,
TSLA,0001318605,2021,24578000000,-69000000,,685000000,110000000,-862000000,,1327000000,26717000000,14248000000,6268000000,1758000000,,,1758000000,-4510000000,,4443000000,8092000000,
TSLA,0001318605,2022,31536000000,1994000000,,748000000,292000000,721000000,,3157000000,27100000000,19705000000,19384000000,1088000000,,,1088000000,-18296000000,,-13077000000,-17520000000,0.2882527147087858
TSLA,0001318605,2023,53823000000,6523000000,,371000000,699000000,5519000000,,6482000000,40917000000,26709000000,17576000000,1016000000,,,1016000000,-16560000000,,-4384000000,8693000000,0.11241556770665809
TSLA,0001318605,2024,81462000000,13656000000,,,1132000000,12556000000,,7158000000,49616000000,28748000000,16253000000,1975000000,,,1975000000,-14278000000,,2640000000,7024000000,0.08270017533606078
AVGO,0001730168,2018,13240000000,-409000000,-7000000,585000000,642000000,-1739000000,402000000,723000000,15823000000,2529000000,1822000000,,117000000,17431000000,17548000000,15726000000,,11355000000,,
AVGO,0001730168,2019,,2371000000,2822000000,454000000,35000000,,451000000,1069000000,9107000000,2338000000,3097000000,,0,17493000000,17493000000,14396000000,,3672000000,-7683000000,
AVGO,0001730168,2020,,5135000000,5650000000,628000000,-8084000000,,515000000,635000000,9917000000,6899000000,11204000000,,2787000000,30011000000,32798000000,21594000000,,-10973000000,-14645000000,
AVGO,0001730168,2021,,3444000000,4013000000,1444000000,-510000000,,569000000,432000000,11895000000,6371000000,4292000000,,827000000,40235000000,41062000000,36770000000,,405000000,11378000000,
AVGO,0001730168,2022,,4014000000,4584000000,1777000000,-518000000,,570000000,463000000,16586000000,6281000000,12163000000,,264000000,,264000000,-11899000000,,-2122000000,-2527000000,
AVGO,0001730168,2023,,8519000000,9058000000,1885000000,29000000,,539000000,443000000,18504000000,7052000000,12416000000,,403000000,,403000000,-12013000000,,-1367000000,755000000,
AVGO,0001730168,2024,,14225000000,14754000000,1737000000,939000000,11495000000,529000000,424000000,20847000000,7405000000,14189000000,,1563000000,,1563000000,-12626000000,,-2310000000,-943000000,0.07551873894161171
ORCL,0001341439,2010,22430000000,7844000000,8112000000,-394000000,2313000000,5581000000,268000000,,18581000000,9149000000,6218000000,,,,,,,3214000000,,0.29300734735241957
ORCL,0001341439,2011,23252000000,8321000000,8584000000,630000000,2241000000,,263000000,,27004000000,14691000000,8262000000,,,,,,,4051000000,837000000,
ORCL,0001341439,2012,26820000000,9062000000,9360000000,754000000,,6135000000,298000000,230000000,39174000000,14192000000,8995000000,1150000000,,,1150000000,-7845000000,,14837000000,10786000000,
ORCL,0001341439,2013,35622000000,12033000000,12401000000,808000000,,8547000000,368000000,450000000,40023000000,15388000000,9914000000,2950000000,,,2950000000,-6964000000,,11771000000,-3066000000,
ORCL,0001341439,2014,37121000000,13706000000,14192000000,766000000,2981000000,9981000000,486000000,648000000,41692000000,12872000000,16163000000,1508000000,,,1508000000,-14655000000,,11149000000,-622000000,0.22997994136707298
ORCL,0001341439,2015,37180000000,14684000000,15230000000,797000000,2973000000,10925000000,546000000,650000000,48128000000,14389000000,14955000000,1508000000,,,1508000000,-13447000000,,17276000000,6127000000,0.21391567131961434
ORCL,0001341439,2016,38275000000,14759000000,15367000000,914000000,2749000000,10955000000,608000000,580000000,62520000000,15206000000,14613000000,1999000000,,,1999000000,-12614000000,,30702000000,13426000000,0.20059836544074722
ORCL,0001341439,2017,38226000000,13871000000,14583000000,1143000000,2896000000,9938000000,712000000,1391000000,64313000000,17208000000,17769000000,3750000000,,,3750000000,-14019000000,,25586000000,-5116000000,0.22565061555243884
ORCL,0001341439,2018,37047000000,12604000000,13475000000,1467000000,2541000000,8901000000,871000000,1189000000,74515000000,24178000000,21716000000,9797000000,,,9797000000,-11919000000,,18824000000,-6762000000,0.2220765600419507
ORCL,0001341439,2019,37792000000,12913000000,13913000000,1798000000,2228000000,9452000000,1000000000,2021000000,76159000000,19124000000,21620000000,4491000000,,,4491000000,-17129000000,,30924000000,12100000000,0.19075342465753425
ORCL,0001341439,2020,39383000000,13264000000,14429000000,2025000000,8837000000,3587000000,1165000000,1736000000,46386000000,18630000000,20514000000,4494000000,,,4494000000,-16020000000,,2748000000,-28176000000,0.7112846104314231
ORCL,0001341439,2021,39506000000,13535000000,14765000000,2082000000,1185000000,11083000000,1230000000,1660000000,52140000000,17200000000,37239000000,2371000000,,,2371000000,-34868000000,,-4670000000,-7418000000,0.0965927616563417
ORCL,0001341439,2022,39068000000,13896000000,15278000000,1995000000,1928000000,10135000000,1382000000,1564000000,55567000000,24164000000,30098000000,8250000000,,0,8250000000,-21848000000,,-6945000000,-2275000000,0.15982757191411756
ORCL,0001341439,2023,40479000000,15213000000,16750000000,2496000000,-747000000,13746000000,1537000000,2135000000,31633000000,19511000000,21383000000,3749000000,,,3749000000,-17634000000,,-13010000000,-6065000000,-0.05746595891991692
ORCL,0001341439,2024,42440000000,10926000000,12898000000,2755000000,932000000,6717000000,1972000000,4511000000,21004000000,23090000000,9765000000,4061000000,,,4061000000,-5704000000,,-15912000000,-2902000000,0.12184599294025363
ORCL,0001341439,2025,49954000000,13093000000,15619000000,3505000000,623000000,8503000000,2526000000,8695000000,22554000000,31544000000,10454000000,10605000000,,,10605000000,151000000,,-30049000000,-14137000000,0.06826649134341442
ADBE,0000796343,2009,3157881000,857585000,,253000,223383000,723807000,,132075000,2735103000,762599000,772500000,,,350000000,350000000,-422500000,,1200004000,,0.23583758274475025
ADBE,0000796343,2010,3579889000,1028271000,,10019000,206694000,871814000,,111792000,2473624000,844553000,946422000,,,,,,,682649000,-517355000,0.1916480916228716
ADBE,0000796343,2011,2945853000,690513000,972936000,3407000,315012000,386508000,282423000,119592000,3216050000,1068088000,886450000,,,,,,,1261512000,578863000,0.4490420800547383
ADBE,0000796343,2012,3800000000,993074000,1285812000,56952000,168471000,774680000,292738000,169642000,3771451000,1250779000,999487000,,,,,,,1521185000,259673000,0.1786256919623687
ADBE,0000796343,2013,4216258000,1099299000,1369504000,66952000,202383000,832847000,270205000,210294000,4397066000,1271752000,749891000,,,,,,,2375423000,854238000,0.195495686948794
ADBE,0000796343,2014,4403677000,1180191000,1479957000,67487000,286019000,832775000,299766000,271076000,4045929000,1525648000,989500000,,14676000,,14676000,-974824000,,1516105000,-859318000,0.25564938675037585
ADBE,0000796343,2015,4055240000,422723000,743950000,67508000,66156000,289985000,321227000,188358000,4602328000,2494435000,1425052000,,603229000,,603229000,-821823000,,79612000,-1436493000,0.18575788802749474
ADBE,0000796343,2016,4147065000,412685000,726275000,59732000,92981000,268395000,313590000,148332000,4821892000,2213556000,834556000,,,,,,,1773780000,1694168000,0.25729710882847784
ADBE,0000796343,2017,4795511000,903095000,1242568000,64184000,244230000,629551000,339473000,184936000,5839774000,2811635000,1117400000,,,,,,,1910739000,136959000,0.27950939651926515
ADBE,0000796343,2018,5854430000,1493602000,1825137000,70442000,266356000,1168782000,331535000,203805000,7247813000,3527457000,876560000,,,,,,,2843796000,933057000,0.18559608901722344
ADBE,0000796343,2019,7301505000,2168095000,2494092000,74402000,443687000,1693954000,325997000,178122000,4857039000,4301126000,1011315000,0,,,,,,-455402000,-3299198000,0.20755917387437833
ADBE,0000796343,2020,9030000000,2840000000,3186000000,89000000,203000000,2591000000,346000000,267000000,6495000000,8191000000,2306000000,3149000000,,,3149000000,843000000,,-7151000000,-6695598000,0.07265569076592698
ADBE,0000796343,2021,11171000000,3268000000,4025000000,157000000,254000000,2951000000,757000000,395000000,8146000000,5512000000,1643000000,,,,,,,991000000,8142000000,0.07925117004680188
ADBE,0000796343,2022,12868000000,4237000000,4994000000,116000000,-1084000000,5260000000,757000000,419000000,8669000000,6932000000,3844000000,0,,,,,,-2107000000,-3098000000,-0.2595785440613027
ADBE,0000796343,2023,15785000000,5802000000,6590000000,113000000,883000000,4822000000,788000000,348000000,8996000000,8128000000,4236000000,500000000,,,500000000,-3736000000,,-3868000000,-1761000000,0.15477651183172655
ADBE,0000796343,2024,17606000000,6098000000,6954000000,,1252000000,4756000000,856000000,442000000,11084000000,8251000000,7141000000,0,,,,,,-4308000000,-440000000,0.20838881491344874
CRM,0001108524,2009,748700000,20309000,,46000,23385000,18356000,,43552000,1068557000,766966000,86608000,,,,,,,214983000,,0.5602405308928871
CRM,0001108524,2010,1076769000,63742000,,107000,37557000,43428000,,61059000,1706159000,908130000,279095000,,,,,,,518934000,303951000,0.46375254676792
CRM,0001108524,2011,1305583000,115272000,,2000000,57689000,80719000,,49501000,1074924000,1276466000,483834000,,,,,,,-685376000,-1204310000,0.4168039419686723
CRM,0001108524,2012,1657139000,97497000,,24909000,34601000,64474000,,90887000,1672222000,2300031000,1011306000,,,,,,,-1639115000,-953739000,0.3492404743880898
CRM,0001108524,2013,2266539000,-35085000,,17045000,-21745000,-11572000,,151645000,2015880000,2917624000,424292000,,0,0,,,,-1326036000,313079000,
CRM,0001108524,2015,892633000,-110710000,,30948000,142651000,-270445000,,175601000,2680252000,3980188000,607284000,,,,,,,-1907220000,-581184000,
CRM,0001108524,2016,1226772000,-286074000,,77211000,-125760000,-232175000,,299110000,3514544000,4390103000,747245000,,,,,,,-1622804000,284416000,
CRM,0001108524,2017,1511167000,-145633000,,73237000,49603000,-262688000,,290454000,5731323000,5617005000,781635000,,,,,,,-667317000,955487000,
CRM,0001108524,2018,,114923000,,72485000,111705000,-47426000,,284476000,5996827000,7295466000,908117000,,0,2008391000,2008391000,1100274000,,-2206756000,-1539439000,1.7378148384386813
CRM,0001108524,2019,,218000000,,89000000,-144000000,323000000,,464000000,9584000000,10067000000,1158000000,,1025000000,695000000,1720000000,562000000,,-2666000000,-459244000,-0.8044692737430168
CRM,0001108524,2020,,454000000,827000000,,60000000,360000000,373000000,534000000,10683000000,11255000000,2669000000,,3000000,3173000000,3176000000,507000000,,-3244000000,-578000000,0.14285714285714285
CRM,0001108524,2021,,535000000,946000000,,-127000000,1110000000,411000000,595000000,15963000000,14845000000,4145000000,,4000000,2673000000,2677000000,-1468000000,,-3031000000,213000000,-0.12919633774160733
CRM,0001108524,2022,,297000000,752000000,,580000000,126000000,455000000,643000000,21889000000,17728000000,6195000000,,4000000,2673000000,2677000000,-3518000000,,-2038000000,993000000,0.8215297450424929
CRM,0001108524,2023,,455000000,1034000000,,-1511000000,4072000000,579000000,710000000,22850000000,21788000000,5464000000,,4000000,10592000000,10596000000,5132000000,,-4406000000,-2368000000,-0.5900039047247169
CRM,0001108524,2024,,548000000,1226000000,,88000000,1444000000,678000000,717000000,26395000000,25891000000,7016000000,,1182000000,9419000000,10601000000,3585000000,,-7694000000,-3288000000,0.057441253263707574
CRM,0001108524,2025,,1030000000,1933000000,,452000000,208000000,903000000,798000000,29074000000,26631000000,8472000000,,999000000,8427000000,9426000000,954000000,,-7028000000,666000000,0.6848484848484848
CSCO,0000858877,2010,,9442000000,,319000000,2203000000,8052000000,,1268000000,44177000000,13655000000,3728000000,,0,10295000000,10295000000,6567000000,,26794000000,,0.21482203803022915
CSCO,0000858877,2011,,7322000000,,346000000,1559000000,6134000000,,1005000000,51421000000,19233000000,5191000000,,3037000000,12188000000,15225000000,10034000000,,23960000000,-2834000000,0.20265176134147928
CSCO,0000858877,2012,40040000000,9164000000,,623000000,1648000000,7767000000,,1008000000,57231000000,17506000000,5718000000,588000000,,16234000000,16822000000,11104000000,,33419000000,9459000000,0.17503983005841742
CSCO,0000858877,2013,43218000000,7674000000,,628000000,1335000000,6490000000,,1174000000,61933000000,17731000000,4581000000,,0,16297000000,16297000000,11716000000,,39621000000,6202000000,0.1706070287539936
CSCO,0000858877,2014,46061000000,10065000000,11165000000,596000000,2118000000,8041000000,1100000000,1126000000,65521000000,21996000000,7662000000,,3273000000,12928000000,16201000000,8539000000,,32590000000,-7031000000,0.2084850871148735
CSCO,0000858877,2015,48607000000,11196000000,12396000000,583000000,1244000000,9983000000,1200000000,1160000000,67114000000,19809000000,9799000000,,500000000,20337000000,20837000000,11038000000,,37006000000,4416000000,0.11080431103589561
CSCO,0000858877,2016,47142000000,9345000000,10545000000,564000000,1862000000,7853000000,1200000000,1275000000,73368000000,23412000000,7925000000,,3894000000,21457000000,25351000000,17426000000,,38137000000,1131000000,0.1916623777663407
CSCO,0000858877,2017,,10770000000,11870000000,566000000,2220000000,8981000000,1100000000,1227000000,78719000000,24911000000,6726000000,,4159000000,24483000000,28642000000,21916000000,,42923000000,4786000000,0.19819658959021516
CSCO,0000858877,2018,49247000000,12660000000,13660000000,676000000,2181000000,10739000000,1000000000,1146000000,83703000000,27583000000,6877000000,,4747000000,25725000000,30472000000,23595000000,,44496000000,1573000000,0.16880804953560372
CSCO,0000858877,2019,,11973000000,13073000000,861000000,2678000000,9609000000,1100000000,964000000,61837000000,27035000000,8934000000,,5238000000,20331000000,25569000000,16635000000,,20630000000,-23866000000,0.21795393505330837
CSCO,0000858877,2020,,12309000000,13409000000,943000000,12929000000,110000000,1100000000,834000000,47755000000,31712000000,11750000000,,5998000000,14475000000,20473000000,8723000000,,-1705000000,-22335000000,0.9915637702277782
CSCO,0000858877,2021,,14219000000,15219000000,859000000,2950000000,11621000000,1000000000,909000000,43573000000,25331000000,11809000000,,3005000000,11578000000,14583000000,2774000000,,3428000000,5133000000,0.20245693500789239
CSCO,0000858877,2022,,13620000000,14520000000,585000000,2756000000,11214000000,900000000,770000000,39112000000,26257000000,9175000000,,2508000000,9018000000,11526000000,2351000000,,1172000000,-2256000000,0.19727988546886185
CSCO,0000858877,2023,,12833000000,13633000000,434000000,2671000000,10591000000,800000000,692000000,36717000000,25640000000,7079000000,,499000000,8416000000,8915000000,1836000000,,3499000000,2327000000,0.20140250339315338
CSCO,0000858877,2024,,13969000000,14769000000,,2665000000,11812000000,800000000,477000000,43348000000,31309000000,10123000000,,1733000000,6658000000,8391000000,-1732000000,,183000000,-3316000000,0.18408510050424812
CSCO,0000858877,2025,,15031000000,15731000000,,2705000000,12613000000,700000000,849000000,36862000000,40584000000,7508000000,,488000000,19621000000,20109000000,12601000000,,-11718000000,-11901000000,0.17658963311137224
ACN,0001467373,2010,25313826000,3011582000,3503003000,22704000,910574000,1691751000,491421000,320368000,8990514000,6238959000,3314396000,594000,,361000,955000,-3313441000,,-563435000,,0.34990787084626246
ACN,0001467373,2011,23170968000,2643865000,3142456000,14121000,739590000,1589963000,498591000,243455000,9563625000,6567604000,3602760000,143000,,1445000,1588000,-3601172000,,-606882000,-43447000,0.31748150825501714
ACN,0001467373,2012,23094078000,2914845000,3389533000,14677000,853910000,1780656000,474688000,238215000,11471183000,7906589000,4541662000,4419000,,0,4419000,-4537243000,,-981487000,-374605000,0.32411790025377996
ACN,0001467373,2013,27352914000,3470457000,3983713000,15000000,958782000,2277677000,513256000,403714000,12587931000,8109205000,4838292000,11000,,22000,33000,-4838259000,,-359577000,621910000,0.2962441359522861
ACN,0001467373,2014,29777985000,3871548000,4465093000,15061000,1079241000,2553510000,593545000,371974000,11844178000,8160990000,5701078000,0,,25600000,25600000,-5675478000,,-2017890000,-1658313000,0.2970864229340244
ACN,0001467373,2015,30394285000,4338680000,4931708000,14035000,784775000,3281878000,593028000,369593000,11904442000,8158079000,6640526000,330000,,26403000,26733000,-6613793000,,-2894493000,-876603000,0.19297810754937783
ACN,0001467373,2016,31874678000,4300512000,4921255000,17621000,1121743000,2941498000,620743000,321870000,10700074000,8491006000,5631885000,1848000,,25587000,27435000,-5604450000,,-3424665000,-530172000,0.2760709984960282
ACN,0001467373,2017,32914424000,4435869000,5081792000,14578000,1136741000,3053581000,645923000,395017000,11976222000,8878924000,4921305000,2773000,,24457000,27230000,-4894075000,,-1826780000,1597885000,0.27127772042339465
ACN,0001467373,2018,34797661000,4810445000,5539497000,16258000,1253969000,4111892000,729052000,496566000,12097289000,9824279000,4360766000,2907000,,22163000,25070000,-4335696000,,-2090663000,-263883000,0.23369390299152362
ACN,0001467373,2019,36176841000,5191402000,5993191000,15545000,981100000,3445149000,801789000,515919000,13585559000,10151751000,4905609000,5337000,,19676000,25013000,-4880596000,,-1477138000,613525000,0.22165494982320244
ACN,0001467373,2020,40992534000,5898779000,6825555000,19539000,1593499000,4059907000,926776000,619187000,15450601000,11061896000,4126860000,6411000,,16247000,22658000,-4104202000,,255434000,1732572000,0.2818653038539953
ACN,0001467373,2021,43215013000,6305074000,7197834000,22963000,1405556000,4779112000,892760000,599009000,17749756000,12662590000,8415330000,7820000,,54052000,61872000,-8353458000,,-3335984000,-3591418000,0.22726458396796723
ACN,0001467373,2022,44327039000,6513644000,7536043000,33071000,1589018000,5107839000,1022399000,599132000,19666511000,15708867000,8168174000,12080000,,53473000,65553000,-8102621000,,-4222610000,-886626000,0.23727817392546982
ACN,0001467373,2023,50533389000,7621529000,8749092000,59492000,1770571000,5906809000,1127563000,580132000,21610871000,17523496000,7889833000,9175000,,45893000,55068000,-7834765000,,-3811633000,410977000,0.23062177461581945
ACN,0001467373,2024,61594305000,9367181000,10686367000,47320000,2207207000,6877169000,1319186000,717998000,23381931000,18009038000,9045032000,104810000,,43093000,147903000,-8897129000,,-3776949000,34684000,0.24296737607514263
INTC,0000050863,2009,,8216000000,12762000000,,,6976000000,4546000000,5000000000,19871000000,7818000000,6598000000,102000000,,1185000000,1287000000,-5311000000,,5353000000,,
INTC,0000050863,2010,,8954000000,13314000000,8000000,,5292000000,4360000000,5197000000,21157000000,7591000000,7307000000,172000000,157000000,2049000000,2378000000,-4929000000,,5930000000,577000000,
INTC,0000050863,2011,,5711000000,10455000000,1000000,,4369000000,4744000000,4515000000,31611000000,9327000000,3350000000,38000000,,2077000000,2115000000,-1235000000,,18896000000,12966000000,
INTC,0000050863,2012,,15588000000,19986000000,0,,11464000000,4398000000,5207000000,25872000000,12028000000,3987000000,247000000,,7084000000,7331000000,3344000000,,9610000000,-9286000000,
INTC,0000050863,2013,,17477000000,22618000000,41000000,4839000000,12942000000,5141000000,10764000000,31358000000,12898000000,5498000000,312000000,,13136000000,13448000000,7950000000,,12650000000,3040000000,0.27214442382318205
INTC,0000050863,2014,,14638000000,20995000000,90000000,3868000000,11005000000,6357000000,11027000000,32084000000,13568000000,5065000000,281000000,0,13165000000,13446000000,8381000000,,13170000000,520000000,0.2600685806494991
INTC,0000050863,2015,,12291000000,19081000000,244000000,2991000000,9620000000,6790000000,10711000000,27730000000,16011000000,8478000000,1596000000,1088000000,12059000000,14743000000,6265000000,,557000000,-12613000000,0.2371738958052494
INTC,0000050863,2016,,15347000000,22727000000,192000000,4097000000,11704000000,7380000000,10105000000,38320000000,15646000000,5674000000,2634000000,2602000000,20036000000,25272000000,19598000000,,11764000000,11207000000,0.25928738687424846
INTC,0000050863,2017,,14002000000,21823000000,337000000,2792000000,11420000000,7821000000,7326000000,35508000000,20302000000,2561000000,4634000000,4609000000,20649000000,29892000000,27331000000,,3402000000,-8362000000,0.19645370109766394
INTC,0000050863,2018,59387000000,13133000000,19399000000,733000000,2620000000,10316000000,6266000000,9625000000,29500000000,17421000000,15308000000,1776000000,1739000000,25037000000,28552000000,13244000000,,-6744000000,-10146000000,0.20253555967841683
INTC,0000050863,2019,62761000000,18050000000,24802000000,646000000,10751000000,9601000000,6752000000,11778000000,28787000000,16626000000,,1261000000,761000000,25098000000,27120000000,,,10139000000,16883000000,0.5282527515723271
INTC,0000050863,2020,70848000000,23316000000,30836000000,468000000,2264000000,21053000000,7520000000,15181000000,31239000000,22310000000,,3693000000,3695000000,25308000000,32696000000,,,1541000000,-8598000000,0.09709653900587555
INTC,0000050863,2021,71965000000,22035000000,31239000000,489000000,3010000000,21048000000,9204000000,16213000000,47249000000,24754000000,,2504000000,2504000000,33897000000,38905000000,,,17487000000,15946000000,0.12511430709119628
INTC,0000050863,2022,77867000000,23678000000,34160000000,629000000,4179000000,20899000000,10482000000,14259000000,58558000000,27462000000,,4591000000,4591000000,33510000000,42692000000,,,21914000000,4427000000,0.16664008294122337
INTC,0000050863,2023,79024000000,19456000000,29409000000,597000000,1835000000,19868000000,9953000000,18733000000,50407000000,32155000000,,4367000000,423000000,37684000000,42474000000,,,13462000000,-8452000000,0.08455052296917477
INTC,0000050863,2024,63054000000,2334000000,13462000000,,-249000000,8014000000,11128000000,24844000000,43269000000,28053000000,,2288000000,2288000000,46978000000,51554000000,,,10640000000,-2822000000,-0.03206696716033484
AMD,0000002488,2010,,-1955000000,,391000000,68000000,,,624000000,4275000000,2210000000,1432000000,,,,,,,633000000,,
AMD,0000002488,2011,,664000000,,438000000,112000000,,,466000000,3594000000,1674000000,933000000,,,,,,,987000000,354000000,
AMD,0000002488,2012,,848000000,,199000000,38000000,471000000,,148000000,3229000000,1774000000,869000000,,,,,,,586000000,-401000000,0.07465618860510806
AMD,0000002488,2013,,368000000,,180000000,-4000000,491000000,,250000000,2265000000,1397000000,606000000,,,,,,,262000000,-324000000,-0.008213552361396304
AMD,0000002488,2014,,-1056000000,,175000000,-34000000,-1183000000,,133000000,2884000000,1618000000,869000000,55000000,,1986000000,2041000000,1172000000,,342000000,80000000,
AMD,0000002488,2015,,103000000,339000000,177000000,9000000,-83000000,236000000,84000000,2736000000,1440000000,549000000,172000000,,2025000000,2197000000,1648000000,,575000000,233000000,
AMD,0000002488,2016,,-155000000,48000000,177000000,5000000,-403000000,203000000,95000000,2320000000,1403000000,869000000,,,2007000000,2007000000,1138000000,,48000000,-527000000,
AMD,0000002488,2017,,-481000000,-314000000,160000000,14000000,-660000000,167000000,96000000,2530000000,1346000000,805000000,,,1435000000,1435000000,630000000,,379000000,331000000,
AMD,0000002488,2018,4319000000,-373000000,-240000000,156000000,39000000,-498000000,133000000,77000000,2634000000,1513000000,1264000000,,,1325000000,1325000000,61000000,,-143000000,-522000000,
AMD,0000002488,2019,5253000000,127000000,271000000,126000000,18000000,-33000000,144000000,113000000,3540000000,1984000000,1185000000,,,1114000000,1114000000,-71000000,,371000000,514000000,
AMD,0000002488,2020,6475000000,451000000,,121000000,-9000000,337000000,,163000000,4597000000,2359000000,1078000000,,,486000000,486000000,-592000000,,1160000000,789000000,-0.027439024390243903
AMD,0000002488,2021,6731000000,631000000,,94000000,31000000,341000000,,217000000,6143000000,2417000000,1466000000,0,,330000000,330000000,-1136000000,,2260000000,1100000000,0.08333333333333333
AMD,0000002488,2022,9763000000,1369000000,,47000000,-1210000000,2490000000,,294000000,8583000000,4240000000,2535000000,312000000,,1000000,313000000,-2222000000,,1496000000,-764000000,-0.9453125
AMD,0000002488,2023,16434000000,3648000000,,34000000,513000000,3162000000,,301000000,15019000000,6369000000,4835000000,0,,2467000000,2467000000,-2368000000,,3815000000,2319000000,0.13959183673469389
AMD,0000002488,2024,23601000000,1264000000,,88000000,-122000000,1320000000,,450000000,16768000000,6689000000,4835000000,751000000,751000000,1717000000,3219000000,-1616000000,,3742000000,-73000000,-0.1018363939899833
QCOM,0000804328,2009,8871000000,2883000000,,,323000000,3303000000,,,11872000000,2440000000,1607000000,,,,,,,7825000000,,0.08907887479316051
QCOM,0000804328,2010,11142000000,3730000000,,22000000,666000000,3160000000,,,12570000000,2813000000,2411000000,,,,,,,7346000000,-479000000,0.17407213800313642
QCOM,0000804328,2011,10387000000,2542000000,,-13000000,611000000,1592000000,,,12133000000,5468000000,1840000000,,,,,,,4825000000,-2521000000,0.277349069450749
QCOM,0000804328,2012,10982000000,3727000000,,43000000,973000000,3247000000,,,14293000000,5289000000,2717000000,,,,,,,6287000000,1462000000,0.2305687203791469
QCOM,0000804328,2013,14957000000,5026000000,,114000000,1132000000,4260000000,,,15645000000,5302000000,3547000000,,,,,,,6796000000,509000000,0.2099406528189911
QCOM,0000804328,2014,19121000000,5682000000,,90000000,1279000000,6109000000,,,19555000000,5213000000,5462000000,,,,,,,8880000000,2084000000,0.1731185706551164
QCOM,0000804328,2015,24866000000,7230000000,,23000000,1349000000,6853000000,,,22413000000,6013000000,3807000000,0,,,,,,12593000000,3713000000,0.16447207998049257
QCOM,0000804328,2016,26487000000,7550000000,8700000000,5000000,1244000000,7967000000,1150000000,,22099000000,6100000000,6142000000,,,,,,,9857000000,-2736000000,0.13505591141027032
QCOM,0000804328,2017,25281000000,5776000000,6990000000,104000000,1219000000,5271000000,1214000000,,22981000000,7311000000,7907000000,,0,,,,,7763000000,-2094000000,0.18782742681047765
QCOM,0000804328,2018,23554000000,6495000000,7923000000,297000000,1131000000,5705000000,1428000000,,43593000000,10907000000,7560000000,,1496000000,,1496000000,-6064000000,,23630000000,15867000000,0.16544763019309539
QCOM,0000804328,2019,22258000000,2581000000,4042000000,494000000,543000000,2445000000,1461000000,,17384000000,11389000000,35029000000,,0,15365000000,15365000000,-19664000000,,-29034000000,-52664000000,0.1817269076305221
QCOM,0000804328,2020,22611000000,621000000,2182000000,768000000,5356000000,-4964000000,1561000000,,16765000000,8935000000,11839000000,,1997000000,13437000000,15434000000,3595000000,,-6006000000,23028000000,13.66326530612245
QCOM,0000804328,2021,24273000000,7667000000,9068000000,627000000,3095000000,4386000000,1401000000,,18519000000,8672000000,6707000000,,0,15226000000,15226000000,8519000000,,3140000000,9146000000,0.41371474401817937
QCOM,0000804328,2022,23531000000,6255000000,7648000000,602000000,521000000,5198000000,1393000000,,20075000000,11951000000,7116000000,,1544000000,13701000000,15245000000,8129000000,,-536000000,-3676000000,0.0910998426298304
QCOM,0000804328,2023,33566000000,9789000000,11371000000,559000000,1231000000,9043000000,1582000000,,20724000000,11866000000,2773000000,,1446000000,13537000000,14983000000,12210000000,,4639000000,5175000000,0.11981701382129648
QCOM,0000804328,2024,44200000000,15860000000,17622000000,490000000,2012000000,12936000000,1762000000,,22464000000,9628000000,8450000000,,914000000,14484000000,15398000000,6948000000,,3472000000,-1167000000,0.1345999464811346
TXN,0000097476,2009,,3497000000,4519000000,,1051000000,2657000000,1022000000,686000000,5790000000,1532000000,1183000000,,,,,,,3075000000,,0.2834412081984897
TXN,0000097476,2010,,2437000000,3459000000,,561000000,1920000000,1022000000,763000000,6114000000,1587000000,1328000000,,,,,,,3199000000,124000000,0.22611850060459493
TXN,0000097476,2011,,1991000000,2868000000,,547000000,1470000000,877000000,753000000,7060000000,1981000000,1046000000,,0,,,,,4033000000,834000000,0.27119484382746656
TXN,0000097476,2012,,4514000000,5379000000,,1323000000,3228000000,865000000,1199000000,7828000000,3499000000,1182000000,,382000000,,382000000,-800000000,,2765000000,-1268000000,0.2907053394858273
TXN,0000097476,2013,,2992000000,3896000000,,719000000,2236000000,904000000,816000000,8230000000,3430000000,1319000000,,1500000000,4186000000,5686000000,4367000000,,1981000000,-784000000,0.24331641285956007
TXN,0000097476,2014,,1973000000,2930000000,,176000000,1759000000,957000000,495000000,8019000000,2747000000,992000000,,1000000000,4158000000,5158000000,4166000000,,3280000000,1299000000,0.09095607235142118
TXN,0000097476,2015,,2832000000,3711000000,,592000000,2162000000,879000000,412000000,7421000000,2658000000,1416000000,,1001000000,3630000000,4631000000,3215000000,,2346000000,-934000000,0.214960058097313
TXN,0000097476,2016,,3947000000,4797000000,,1053000000,2821000000,850000000,385000000,7074000000,2555000000,1627000000,,1000000000,3120000000,4120000000,2493000000,,1892000000,-454000000,0.27181208053691275
TXN,0000097476,2017,,4322000000,5088000000,,1230000000,2986000000,766000000,551000000,7457000000,2264000000,1199000000,,631000000,2978000000,3609000000,2410000000,,3363000000,1471000000,0.29174573055028463
TXN,0000097476,2018,13370000000,4855000000,5460000000,,1335000000,3595000000,605000000,531000000,8734000000,2258000000,1000000000,,500000000,3577000000,4077000000,3077000000,,4976000000,1613000000,0.27079107505070993
TXN,0000097476,2019,14961000000,6083000000,6622000000,,2398000000,3682000000,539000000,695000000,8097000000,2474000000,2438000000,,749000000,4319000000,5068000000,2630000000,,2436000000,-2540000000,0.3944078947368421
TXN,0000097476,2020,15784000000,6713000000,7303000000,,1106000000,5580000000,590000000,1131000000,8761000000,2123000000,2437000000,,500000000,5303000000,5803000000,3366000000,,3701000000,1265000000,0.16542028118456475
TXN,0000097476,2021,14383000000,5723000000,6431000000,,711000000,5017000000,708000000,847000000,10239000000,2390000000,3107000000,,550000000,6248000000,6798000000,3691000000,,4192000000,491000000,0.12412709497206705
TXN,0000097476,2022,14461000000,5894000000,6627000000,,422000000,5595000000,733000000,649000000,13685000000,2569000000,4631000000,,500000000,7241000000,7741000000,3110000000,,5985000000,1793000000,0.07013461858068805
TXN,0000097476,2023,18344000000,8960000000,9715000000,,1150000000,7769000000,755000000,2462000000,14021000000,2985000000,3050000000,,500000000,8235000000,8735000000,5685000000,,7486000000,1501000000,0.12893822177374145
TXN,0000097476,2024,20028000000,10140000000,11065000000,,1283000000,8749000000,925000000,2797000000,15122000000,3320000000,2964000000,,599000000,10624000000,11223000000,8259000000,,8239000000,753000000,0.12789074960127592
NOW,0001373715,2012,,-28199000,,,280000,-29705000,,1584000,130507000,126561000,7788000,,,,,,,-3842000,,
NOW,0001373715,2013,37944000,5167000,5669000,,653000,4803000,502000,2057000,422089000,211627000,29402000,,,,,,,181060000,184902000,0.11968475073313783
NOW,0001373715,2014,243712000,-37584000,-24078000,,1368000,-37348000,13506000,42066000,797749000,328088000,68088000,,,,,,,401573000,220513000,
NOW,0001373715,2015,424650000,-66267000,-42115000,3498000,2511000,-73708000,24152000,55321000,906986000,506997000,118989000,,,,,,,281000000,-120573000,
NOW,0001373715,2016,682563000,-151835000,-109776000,29059000,3847000,-179387000,42059000,54379000,1085635000,731636000,366303000,,,,,,,-12304000,-293304000,
NOW,0001373715,2017,1005480000,-166365000,-106009000,31097000,5414000,-198426000,60356000,87481000,1342535000,1071498000,412305000,,,,,,,-141268000,-128964000,
NOW,0001373715,2018,,-382168000,-299086000,33278000,3830000,-414249000,83082000,105562000,2421951000,2039479000,401238000,,,,,,,-18766000,122502000,
NOW,0001373715,2019,,-64396000,49479000,53394000,3440000,-116846000,113875000,150510000,2344693000,2012573000,726495000,,,,,,,-394375000,-375609000,
NOW,0001373715,2020,,-42426000,107178000,52733000,-12320000,-26704000,149604000,224462000,2826901000,2752785000,566204000,,,,,,,-492088000,-97713000,
NOW,0001373715,2021,,42000000,294000000,33000000,-560000000,626698000,252000000,265000000,4522000000,3737000000,776000000,,0,,,,,9000000,501088000,-8.396053854688297
NOW,0001373715,2022,,199000000,535000000,33000000,31000000,119000000,336000000,419000000,5220000000,4949000000,1677000000,,92000000,,92000000,-1585000000,,-1498000000,-1507000000,0.20666666666666667
NOW,0001373715,2023,,257000000,729000000,,19000000,230000000,472000000,392000000,6654000000,6005000000,1728000000,,,,,,,-1079000000,419000000,0.07630522088353414
NOW,0001373715,2024,,355000000,788000000,,74000000,325000000,433000000,550000000,7777000000,7365000000,1470000000,,,,,,,-1058000000,21000000,0.18546365914786966
INTU,0000896878,2010,,644000000,761000000,52000000,243000000,477000000,117000000,262000000,1968000000,1084000000,255000000,,,,,,,629000000,,0.3375
INTU,0000896878,2011,,683000000,832000000,51000000,206000000,447000000,149000000,131000000,2295000000,1221000000,413000000,,0,998000000,998000000,585000000,,661000000,32000000,0.31546707503828486
INTU,0000896878,2012,,-94000000,54000000,61000000,292000000,-70000000,148000000,74000000,2254000000,1805000000,679000000,,500000000,499000000,999000000,320000000,,-730000000,-1391000000,1.3153153153153154
INTU,0000896878,2013,,-80000000,84000000,60000000,354000000,-64000000,164000000,114000000,1523000000,1265000000,214000000,,,,,,,44000000,774000000,1.2206896551724138
INTU,0000896878,2014,,1168000000,1339000000,50000000,374000000,792000000,171000000,135000000,2396000000,1280000000,722000000,,,,,,,394000000,350000000,0.32075471698113206
INTU,0000896878,2015,,1208000000,1374000000,30000000,378000000,858000000,166000000,129000000,2621000000,1421000000,393000000,,,,,,,807000000,413000000,0.3058252427184466
INTU,0000896878,2016,,1300000000,1444000000,31000000,447000000,907000000,144000000,104000000,2560000000,1744000000,1009000000,0,,,,,,-193000000,-1000000000,0.33013293943870015
INTU,0000896878,2017,,738000000,895000000,27000000,299000000,365000000,157000000,142000000,1614000000,2251000000,849000000,512000000,,,512000000,-337000000,,-1998000000,-1805000000,0.4503012048192771
INTU,0000896878,2018,4694000000,1242000000,1437000000,35000000,397000000,979000000,195000000,416000000,1415000000,1944000000,808000000,50000000,,,50000000,-758000000,,-1387000000,611000000,0.28851744186046513
INTU,0000896878,2019,5196000000,1418000000,1632000000,31000000,405000000,985000000,214000000,102000000,2422000000,1743000000,529000000,50000000,,,50000000,-479000000,,100000000,1487000000,0.29136690647482016
INTU,0000896878,2020,6025000000,1560000000,1788000000,20000000,237000000,1329000000,228000000,38000000,3594000000,1966000000,1464000000,50000000,,386000000,436000000,-1028000000,,114000000,14000000,0.15134099616858238
INTU,0000896878,2021,6784000000,1854000000,2053000000,15000000,324000000,1557000000,199000000,76000000,7980000000,3529000000,2116000000,1338000000,,2031000000,3369000000,1253000000,,997000000,883000000,0.1722488038277512
INTU,0000896878,2022,7679000000,2176000000,2365000000,14000000,372000000,1826000000,189000000,59000000,5157000000,2655000000,6442000000,,0,2034000000,2034000000,-4408000000,,-3940000000,-4937000000,0.16924476797088261
INTU,0000896878,2023,9633000000,2500000000,2666000000,29000000,494000000,2062000000,166000000,53000000,5047000000,3630000000,2562000000,,499000000,6415000000,6914000000,4352000000,,-1644000000,2296000000,0.19327073552425664
INTU,0000896878,2024,12726000000,2571000000,2758000000,81000000,476000000,2066000000,187000000,157000000,5557000000,3790000000,2796000000,,0,6120000000,6120000000,3324000000,,-1029000000,615000000,0.1872541306058222
INTU,0000896878,2025,14368000000,3141000000,3301000000,248000000,605000000,2384000000,160000000,210000000,9678000000,7491000000,2848000000,,499000000,5539000000,6038000000,3190000000,,-1160000000,-131000000,0.20240883238541318
IBM,0000051143,2009,98786000000,,,611000000,4071000000,,4038000000,4630000000,49004000000,42435000000,8022000000,,,,,,,-1453000000,,
IBM,0000051143,2010,103630000000,,,673000000,4381000000,,4140000000,4171000000,48935000000,36002000000,14991000000,,2222000000,,2222000000,-12769000000,,-4280000000,-2827000000,
IBM,0000051143,2011,95758000000,18138000000,21911000000,402000000,4713000000,,3773000000,3447000000,48116000000,40562000000,12741000000,,4017000000,21846000000,25863000000,13122000000,,-9204000000,-4924000000,
IBM,0000051143,2012,99870000000,19723000000,23380000000,368000000,4890000000,,3657000000,4185000000,50928000000,42123000000,12183000000,,4306000000,22857000000,27163000000,14980000000,,-7684000000,1520000000,
IBM,0000051143,2013,106916000000,21003000000,24592000000,411000000,5148000000,,3589000000,4108000000,49433000000,43625000000,10661000000,,5593000000,24088000000,29681000000,19020000000,,-10446000000,-2762000000,
IBM,0000051143,2014,102874000000,22540000000,25932000000,459000000,5541000000,,3392000000,4082000000,51350000000,40154000000,11922000000,,3854000000,32856000000,36710000000,24788000000,,-4580000000,5866000000,
IBM,0000051143,2015,98367000000,20244000000,23571000000,402000000,3363000000,,3327000000,3623000000,47377000000,39581000000,10412000000,,4601000000,34991000000,39592000000,29180000000,,-7217000000,-2637000000,
IBM,0000051143,2016,92793000000,19986000000,23131000000,484000000,4234000000,,3145000000,3740000000,42504000000,34269000000,10716000000,,5271000000,33428000000,38699000000,27983000000,,-7752000000,-535000000,
IBM,0000051143,2017,81741000000,15945000000,18607000000,468000000,2581000000,13190000000,2662000000,3579000000,43888000000,36275000000,8476000000,,6239000000,34655000000,40894000000,32418000000,,-7102000000,650000000,0.163654809460402
IBM,0000051143,2018,79919000000,12330000000,15167000000,630000000,449000000,11872000000,2837000000,3567000000,49735000000,37363000000,11972000000,,5214000000,39837000000,45051000000,33079000000,,-4814000000,2288000000,0.03644184725265806
IBM,0000051143,2019,79139000000,11400000000,14421000000,615000000,5642000000,5753000000,3021000000,3229000000,49146000000,38227000000,11379000000,10207000000,,,10207000000,-1172000000,,-10667000000,-5853000000,0.495129442738043
IBM,0000051143,2020,79591000000,11342000000,14469000000,723000000,2619000000,8728000000,3127000000,3395000000,38420000000,37701000000,8172000000,8797000000,,54102000000,62899000000,54727000000,,-16250000000,-5583000000,0.23080990570194765
IBM,0000051143,2021,57714000000,7206000000,11415000000,1344000000,60000000,9431000000,4209000000,2286000000,39165000000,39869000000,13188000000,7116000000,,54217000000,61333000000,48145000000,,-21008000000,-4758000000,0.006321778527025603
IBM,0000051143,2022,55179000000,2572000000,6799000000,1288000000,-1360000000,5590000000,4227000000,2618000000,29539000000,33619000000,6650000000,6787000000,,44917000000,51704000000,45054000000,,-17517000000,3491000000,-0.3215130023640662
IBM,0000051143,2023,57350000000,4837000000,8725000000,1155000000,124000000,5743000000,3888000000,2062000000,29118000000,31505000000,7886000000,4760000000,,46189000000,50949000000,43063000000,,-15033000000,2484000000,0.02113516277484234
IBM,0000051143,2024,60530000000,1156000000,3563000000,1216000000,-626000000,1639000000,2407000000,1346000000,32908000000,34122000000,13068000000,6426000000,,50121000000,56547000000,43479000000,,-20708000000,-5675000000,-0.6179664363277394
JPM,0000019617,2009,71372000000,,,44981000000,7440000000,15365000000,1394000000,,,,,,,270683000000,270683000000,,,,,0.3262442446831835
JPM,0000019617,2010,67252000000,,,34239000000,-926000000,5605000000,1263000000,,,,,,,266318000000,266318000000,,,,,-0.19790553537080574
JPM,0000019617,2011,100434000000,16067000000,17117000000,15198000000,4415000000,11728000000,1050000000,,,,,,,270653000000,270653000000,,,,,0.2734931549278325
JPM,0000019617,2012,102694000000,24859000000,25795000000,12781000000,7489000000,17370000000,936000000,,,,,,,256775000000,256775000000,,,,,0.30125910133150974
JPM,0000019617,2013,97234000000,26749000000,27597000000,13604000000,7773000000,18976000000,848000000,,,,,,,249024000000,249024000000,,,,,0.29059030244121276
JPM,0000019617,2014,97031000000,28917000000,29874000000,11043000000,7633000000,21284000000,957000000,,,,,,,,,,,,,0.2639623750734862
JPM,0000019617,2015,97367000000,26675000000,,9350000000,8789000000,17886000000,,,,,,,,,,,,,,0.32948453608247424
JPM,0000019617,2016,95112000000,30699000000,,7897000000,8954000000,21745000000,,,,,,,,,,,,,,0.29167073846053615
JPM,0000019617,2017,93543000000,30702000000,,7463000000,6260000000,24442000000,,,,,,34443000000,,,34443000000,,,,,0.20389551169304931
JPM,0000019617,2018,96569000000,34536000000,,9818000000,9803000000,24733000000,,,,,361683000000,51802000000,,,51802000000,-309881000000,,,,0.283848737549224
JPM,0000019617,2019,100705000000,35900000000,,13874000000,11459000000,24441000000,,,,,,69276000000,,,69276000000,,,,,0.31919220055710307
JPM,0000019617,2020,108783000000,40764000000,,21041000000,8290000000,32474000000,,,,,,40920000000,,,40920000000,,,,,0.20336571484643312
JPM,0000019617,2021,115720000000,44866000000,,26795000000,8435000000,36431000000,,,,,,45208000000,,,45208000000,,,,,0.18800427940979805
JPM,0000019617,2022,119951000000,35815000000,,9960000000,6684000000,29131000000,,,,,,53594000000,,,53594000000,,,,,0.1866257154823398
JPM,0000019617,2023,121649000000,59562000000,59707000000,5553000000,11228000000,48334000000,145000000,,,,,44027000000,,,44027000000,,,,,0.1885094523353816
JPM,0000019617,2024,128695000000,46166000000,46481000000,,8490000000,37676000000,315000000,,,,,44712000000,,,44712000000,,,,,0.18390157258588571
V,0001403161,2009,3590000000,-1449000000,-1323000000,81000000,-316000000,-1076000000,126000000,,11174000000,7165000000,270000000,,51000000,55000000,106000000,-164000000,,3688000000,,
V,0001403161,2010,6263000000,1232000000,1469000000,143000000,532000000,804000000,237000000,,9241000000,4442000000,275000000,,12000000,44000000,56000000,-219000000,,4512000000,824000000,0.39820359281437123
V,0001403161,2011,6911000000,3538000000,3764000000,,1648000000,2353000000,226000000,,8734000000,3498000000,4979000000,,12000000,32000000,44000000,-4935000000,,245000000,-4267000000,0.4118970257435641
V,0001403161,2012,8065000000,4589000000,4854000000,72000000,1674000000,2966000000,265000000,,9190000000,3451000000,4617000000,,,,,,,1122000000,877000000,0.3607758620689655
V,0001403161,2013,9188000000,5456000000,5744000000,,2010000000,3650000000,288000000,,11786000000,7954000000,3867000000,,,,,,,-35000000,-1157000000,0.3551236749116608
V,0001403161,2014,10421000000,2139000000,2472000000,,65000000,2144000000,333000000,,7822000000,4335000000,2127000000,,,,,,,1360000000,1395000000,0.029425079221367133
V,0001403161,2015,11778000000,7239000000,7636000000,,2277000000,4980000000,397000000,,9562000000,6006000000,2074000000,,,,,,,1482000000,122000000,0.3137660190161224
V,0001403161,2016,12702000000,7697000000,8132000000,,2286000000,5438000000,435000000,,10021000000,5355000000,2186000000,,,,,,,2480000000,998000000,0.29596064215432416
V,0001403161,2017,13880000000,9064000000,9558000000,,2667000000,6328000000,494000000,81000000,14313000000,8046000000,1971000000,,0,,,,,4296000000,1816000000,0.2964980544747082
V,0001403161,2018,15082000000,7883000000,8385000000,,2021000000,5991000000,502000000,42000000,19023000000,9994000000,3518000000,,1749000000,,1749000000,-1769000000,,3762000000,-534000000,0.2522466300549176
V,0001403161,2019,18358000000,12144000000,12700000000,,4995000000,6699000000,556000000,50000000,18216000000,11305000000,9874000000,,,,,,,-2963000000,-6725000000,0.4271421241662391
V,0001403161,2020,20609000000,12954000000,13567000000,,2505000000,10301000000,613000000,77000000,20970000000,13415000000,8162000000,,0,16729000000,16729000000,8567000000,,-607000000,2356000000,0.19561143214118382
V,0001403161,2021,,15001000000,15657000000,,2804000000,12080000000,656000000,95000000,27645000000,14510000000,16289000000,,2999000000,21071000000,24070000000,7781000000,,-6153000000,-5546000000,0.18839021768341843
V,0001403161,2022,,14081000000,14848000000,,2924000000,10866000000,767000000,38000000,27607000000,15739000000,16487000000,,999000000,19978000000,20977000000,4490000000,,-5618000000,535000000,0.212037708484409
V,0001403161,2023,,15804000000,16608000000,,3752000000,12311000000,804000000,41000000,30205000000,20853000000,15689000000,,2250000000,20200000000,22450000000,6761000000,,-8587000000,-2969000000,0.23358027765672665
V,0001403161,2024,,18813000000,19674000000,,3179000000,14957000000,861000000,56000000,33532000000,23098000000,16286000000,,0,20463000000,20463000000,4177000000,,-5852000000,2735000000,0.17528672254080283
MA,0001141391,2009,4067599000,1108112000,1205754000,57277000,585546000,1085886000,97642000,81587000,4311507000,2990451000,1185080000,,149380000,19387000,168767000,-1016313000,,-13404000,,0.3503259480493373
MA,0001141391,2010,4992000000,-534000000,-422000000,104000000,-129000000,-254000000,112000000,76000000,5003000000,3167000000,1659000000,,,22000000,22000000,-1637000000,,177000000,190404000,
MA,0001141391,2011,5099000000,2260000000,2401000000,115000000,755000000,1463000000,141000000,57000000,6454000000,3143000000,1505000000,,,,,,,1806000000,1629000000,0.34039675383228135
MA,0001141391,2012,5539000000,2752000000,2900000000,52000000,910000000,1846000000,148000000,61000000,7741000000,4217000000,2055000000,,,,,,,1469000000,-337000000,0.330188679245283
MA,0001141391,2013,6714000000,2713000000,2907000000,25000000,842000000,1906000000,194000000,77000000,9357000000,4906000000,3067000000,,,,,,,1384000000,-85000000,0.3064046579330422
MA,0001141391,2014,7391000000,3937000000,4167000000,20000000,1174000000,,230000000,96000000,10950000000,6032000000,3734000000,,,0,,,,1184000000,-200000000,
MA,0001141391,2016,,5106000000,5427000000,48000000,1462000000,,321000000,175000000,10984000000,6269000000,3599000000,,,3268000000,3268000000,-331000000,,1116000000,-68000000,
MA,0001141391,2019,12497000000,6622000000,7058000000,154000000,2607000000,,436000000,300000000,16171000000,11593000000,6721000000,,500000000,5834000000,6334000000,-387000000,,-2643000000,-3759000000,
MA,0001141391,2020,14950000000,7282000000,7741000000,186000000,1345000000,,459000000,330000000,16902000000,11904000000,6988000000,,0,8527000000,8527000000,1539000000,,-1990000000,653000000,
MA,0001141391,2021,16883000000,9664000000,10186000000,224000000,1613000000,,522000000,422000000,19113000000,11847000000,10113000000,,649000000,12023000000,12672000000,2559000000,,-3496000000,-1506000000,
MA,0001141391,2022,15301000000,8081000000,8661000000,380000000,1349000000,,580000000,339000000,16949000000,13162000000,7421000000,,792000000,13109000000,13901000000,6480000000,,-4426000000,-930000000,
MA,0001141391,2023,18884000000,10082000000,10808000000,431000000,1620000000,,726000000,407000000,16606000000,14171000000,7008000000,,274000000,13749000000,14023000000,7015000000,,-4847000000,-421000000,
MA,0001141391,2024,22237000000,12264000000,13014000000,,1802000000,,750000000,442000000,18961000000,16264000000,8588000000,,1337000000,14344000000,15681000000,7093000000,,-7228000000,-2381000000,
BAC,0000070858,2009,66833000000,,,52863000000,5942000000,14982000000,,,,,36429000000,158056000000,,268292000000,426348000000,389919000000,,,,0.28398011852418276
BAC,0000070858,2010,72782000000,,,40324000000,420000000,4008000000,,,,,42531000000,91660000000,,522877000000,614537000000,572006000000,,,,0.0948509485094851
BAC,0000070858,2011,119643000000,4360000000,,30807000000,-1916000000,6276000000,,,,,32857000000,59962000000,,448431000000,508393000000,475536000000,,,,-0.43944954128440367
BAC,0000070858,2012,110220000000,-1323000000,,23974000000,915000000,-2238000000,,,,,121339000000,35698000000,,372265000000,407963000000,286624000000,,,,
BAC,0000070858,2013,93454000000,-230000000,,21620000000,-1676000000,1446000000,,,,,108427000000,30731000000,,275585000000,306316000000,197889000000,,,,
BAC,0000070858,2014,83334000000,3072000000,,16744000000,-1116000000,4188000000,,,,,120102000000,,,249674000000,249674000000,129572000000,,,,-0.36328125
BAC,0000070858,2015,88942000000,16172000000,,12755000000,4741000000,11431000000,,,,,110752000000,,,243139000000,243139000000,132387000000,,,,0.2931610190452634
BAC,0000070858,2016,85894000000,7963000000,,10935000000,2443000000,5520000000,,,,,131322000000,,,236764000000,236764000000,105442000000,,,,0.3067939218887354
BAC,0000070858,2017,82965000000,22187000000,,10549000000,6277000000,15910000000,,,,,138589000000,,,216823000000,216823000000,78234000000,,,,0.28291341776716095
BAC,0000070858,2018,83701000000,25021000000,,9961000000,7199000000,17822000000,,,,,159353000000,,,227402000000,227402000000,68049000000,,,,0.2877183166140442
BAC,0000070858,2019,87126000000,29213000000,31316000000,12340000000,10981000000,18232000000,2103000000,,,,177404000000,,,229392000000,229392000000,51988000000,,,,0.37589429363639476
BAC,0000070858,2020,91020000000,34584000000,36647000000,18607000000,6437000000,28147000000,2063000000,,,,,,,240856000000,240856000000,,,,,0.1861265325005783
BAC,0000070858,2021,91244000000,32754000000,34483000000,22345000000,5324000000,27430000000,1729000000,,,,,,,262934000000,262934000000,,,,,0.16254503266776577
BAC,0000070858,2022,85528000000,18995000000,20838000000,8225000000,1101000000,17894000000,1843000000,,,,,,,280117000000,280117000000,,,,,0.057962621742563836
BAC,0000070858,2023,89113000000,33976000000,35874000000,4738000000,1998000000,31978000000,1898000000,,,,,,,275982000000,275982000000,,,,,0.05880621615257829
BAC,0000070858,2024,94950000000,30969000000,32947000000,,3441000000,27528000000,1978000000,,,,,,,302204000000,302204000000,,,,,0.1111111111111111
WFC,0000072971,2009,,,,14203000000,3570000000,8057000000,,,,,,108074000000,,267158000000,375232000000,,,,,0.3070439494280554
WFC,0000072971,2010,,,,9755000000,602000000,2655000000,861000000,,,,,108074000000,,203861000000,311935000000,,,,,0.18483266809947804
WFC,0000072971,2011,,17998000000,19298000000,9950000000,5331000000,12275000000,1300000000,,,,,38966000000,,156983000000,195949000000,,,,,0.302794501874361
WFC,0000072971,2012,,19001000000,20501000000,8039000000,6338000000,12362000000,1500000000,,,,,55401000000,,125354000000,180755000000,,,,,0.33893048128342246
WFC,0000072971,2013,,23656000000,25056000000,6649000000,7445000000,15869000000,1400000000,,,,,49091000000,,127379000000,176470000000,,,,,0.3193360212747705
WFC,0000072971,2014,,28471000000,29771000000,5161000000,9103000000,18897000000,1300000000,,,,,57175000000,,152998000000,210173000000,,,,,0.3251071428571429
WFC,0000072971,2015,,32629000000,33829000000,4289000000,10405000000,21878000000,1200000000,,,,,53883000000,,183943000000,237826000000,,,,,0.3223058575720968
WFC,0000072971,2016,,33915000000,35115000000,4025000000,10307000000,23057000000,1200000000,,,,,63518000000,,199536000000,263054000000,,,,,0.30892578827478717
WFC,0000072971,2017,88389000000,33641000000,34841000000,3976000000,10365000000,22894000000,1200000000,,,,,97528000000,,255077000000,352605000000,,,,,0.31164496827926275
WFC,0000072971,2018,88267000000,32120000000,33320000000,5909000000,10075000000,21938000000,1200000000,,,,,96781000000,,225020000000,321801000000,,,,,0.314715896666979
WFC,0000072971,2019,88389000000,27377000000,28577000000,9352000000,4917000000,22183000000,1200000000,,,,,103256000000,,229044000000,332300000000,,,,,0.1814391143911439
WFC,0000072971,2020,,28538000000,29838000000,14652000000,5662000000,22393000000,1300000000,,,,,104512000000,,228191000000,332703000000,,,,,0.20181785777936198
WFC,0000072971,2021,,25967000000,27367000000,18852000000,5761000000,19715000000,1400000000,,,,,58999000000,,212950000000,271949000000,,,,,0.2261344010048673
WFC,0000072971,2022,,2505000000,3905000000,7963000000,-1157000000,3377000000,1400000000,,,,,34409000000,,160689000000,195098000000,,,,,-0.5211711711711712
WFC,0000072971,2023,,29563000000,30963000000,3915000000,5764000000,22109000000,1400000000,,,,,51145000000,,174870000000,226015000000,,,,,0.20679510637534532
WFC,0000072971,2024,,15629000000,16829000000,,2251000000,13677000000,1200000000,,,,,89559000000,,207588000000,297147000000,,,,,0.14132345554997489
GS,0000886982,2009,,,,,6005000000,11599000000,,,,,,,,,,,,,,0.34111565553283346
GS,0000886982,2010,,,,,14000000,2322000000,,,,,,,,196288000000,196288000000,,,,,0.0059931506849315065
GS,0000886982,2011,,19829000000,,,6444000000,13385000000,,,,,,72371000000,,188247000000,260618000000,,,,,0.32497856674567555
GS,0000886982,2012,,12892000000,,,4538000000,8354000000,,,,,,,,181724000000,181724000000,,,,,0.35200124107973935
GS,0000886982,2013,28811000000,6169000000,8034000000,7982000000,1727000000,4442000000,1865000000,1184000000,,,39788000000,,,176270000000,176270000000,136482000000,,,,0.27994812773545147
GS,0000886982,2014,34163000000,11207000000,12945000000,7501000000,3732000000,7475000000,1738000000,961000000,,,56008000000,,,168489000000,168489000000,112481000000,,,,0.3330061568662443
GS,0000886982,2015,34206000000,11737000000,13059000000,6668000000,3697000000,8040000000,1322000000,706000000,,,72669000000,60099000000,,174551000000,234650000000,161981000000,,,,0.31498679389963363
GS,0000886982,2016,34528000000,12357000000,13694000000,5557000000,3880000000,8477000000,1337000000,678000000,,,78867000000,,,185942000000,185942000000,107075000000,,,,0.31399206927247714
GS,0000886982,2017,33820000000,8778000000,9769000000,5388000000,2695000000,6083000000,991000000,1833000000,,,75025000000,,,197491000000,197491000000,122466000000,,,,0.30701754385964913
GS,0000886982,2018,30790000000,10304000000,11302000000,7104000000,2906000000,7398000000,998000000,2865000000,,,93439000000,,,227579000000,227579000000,134140000000,,,,0.28202639751552794
GS,0000886982,2019,32730000000,11132000000,12284000000,10181000000,6846000000,4286000000,1152000000,3184000000,,,121711000000,,,,,,,,,0.6149838303988502
GS,0000886982,2020,36616000000,12481000000,13809000000,15912000000,2022000000,10459000000,1328000000,7982000000,,,110051000000,,,,,,,,,0.16200624949923884
GS,0000886982,2021,36546000000,10583000000,12287000000,17376000000,2117000000,8466000000,1704000000,8443000000,,,130547000000,,,,,,,,,0.20003779646603043
GS,0000886982,2022,44560000000,12479000000,14381000000,8938000000,3020000000,9459000000,1902000000,6309000000,,,261036000000,,,,,,,,,0.2420065710393461
GS,0000886982,2023,59339000000,27044000000,29059000000,5650000000,5409000000,21635000000,2015000000,4667000000,,,241825000000,60961000000,,,60961000000,-180864000000,,,,0.2000073953557166
GS,0000886982,2024,47365000000,13486000000,15941000000,21346000000,2225000000,11261000000,2455000000,3748000000,,,241577000000,75945000000,,,75945000000,-165632000000,,,,0.16498591131543824
MS,0000895421,2009,26478000000,,,57283000000,576000000,3209000000,475000000,,,,20606000000,10102000000,,179835000000,189937000000,169331000000,,,,0.15217965653896962
MS,0000895421,2010,22140000000,,,36263000000,16000000,1707000000,794000000,,,,25598000000,2378000000,,193374000000,195752000000,170154000000,,,,0.009286128845037725
MS,0000895421,2011,23280000000,1130000000,2354000000,6687000000,-297000000,1346000000,1224000000,,,,78670000000,3256000000,26911000000,192457000000,222624000000,143954000000,,,,-0.2831267874165872
MS,0000895421,2012,31230000000,6198000000,7617000000,6407000000,743000000,4703000000,1419000000,,,,31991000000,2843000000,35082000000,184234000000,222159000000,190168000000,,,,0.13643040763863387
MS,0000895421,2013,32227000000,6110000000,7514000000,6883000000,1414000000,4110000000,1404000000,,,,47615000000,2138000000,25303000000,169571000000,197012000000,149397000000,,,,0.2559739319333816
MS,0000895421,2014,26178000000,596000000,2177000000,5897000000,-161000000,68000000,1581000000,,,,47312000000,2142000000,24193000000,153575000000,179910000000,132598000000,,,,
MS,0000895421,2015,,4558000000,6069000000,4431000000,902000000,2932000000,1511000000,,,,46904000000,2261000000,20740000000,152772000000,175773000000,128869000000,,,,0.23526343244653103
MS,0000895421,2016,,3591000000,4752000000,3678000000,-90000000,3467000000,1161000000,,,,59883000000,2173000000,22396000000,153768000000,178337000000,118454000000,,,,-0.026650873556411016
MS,0000895421,2017,,8495000000,9928000000,2742000000,2200000000,6127000000,1433000000,,,,87591000000,,26127000000,164775000000,190902000000,103311000000,,,,0.26420079260237783
MS,0000895421,2018,,8848000000,10584000000,3318000000,2726000000,5979000000,1736000000,,,,85552000000,,23870000000,191063000000,214933000000,129381000000,,,,0.31315336013785183
MS,0000895421,2019,,10403000000,12156000000,5697000000,4168000000,6111000000,1753000000,,,,,,24694000000,188117000000,212811000000,,,,,0.4054869150695593
MS,0000895421,2020,,11237000000,13081000000,10086000000,2350000000,8748000000,1844000000,,,,82171000000,,20402000000,190060000000,210462000000,128291000000,,,,0.2117498648405118
MS,0000895421,2021,,11301000000,13944000000,12404000000,2064000000,9042000000,2643000000,,,,105654000000,,24241000000,213388000000,237629000000,131975000000,,,,0.18584548892490546
MS,0000895421,2022,,14418000000,18187000000,3849000000,3239000000,10996000000,3769000000,,,,127725000000,,,227363000000,227363000000,99638000000,,,,0.22753775904460835
MS,0000895421,2023,,19668000000,23884000000,1366000000,4548000000,15034000000,4216000000,,,,128127000000,,,233867000000,233867000000,105740000000,,,,0.23225411091819018
MS,0000895421,2024,,14089000000,18087000000,,2910000000,11029000000,3998000000,,,,89232000000,,,260544000000,260544000000,171312000000,,,,0.20876676949565967
C,0000831001,2009,77300000000,,,75958000000,-2546000000,3617000000,,4003000000,,,,126691000000,,359593000000,486284000000,,,,,-2.377217553688142
C,0000831001,2010,51599000000,,,52750000000,-20326000000,-27684000000,,3780000000,,,,68879000000,,364019000000,432898000000,,,,,
C,0000831001,2011,80285000000,,,27902000000,-6733000000,-1606000000,,2264000000,,,,78790000000,,381183000000,459973000000,,,,,
C,0000831001,2012,86601000000,,,25096000000,2233000000,10602000000,976000000,2363000000,,,,54441000000,,323505000000,377946000000,,,,,0.17397740553174912
C,0000831001,2013,77331000000,,,24209000000,3575000000,11067000000,898000000,3448000000,,,,52027000000,,239463000000,291490000000,,,,,0.24416063379319766
C,0000831001,2014,69190000000,,,20612000000,7000000,7541000000,856000000,3604000000,,,,58944000000,,221116000000,280060000000,,,,,0.0009273979862215156
C,0000831001,2015,76724000000,,,16177000000,6186000000,13659000000,808000000,3490000000,,,,58335000000,,223080000000,281415000000,,,,,0.31171579743008315
C,0000831001,2016,77219000000,14701000000,15457000000,13690000000,7197000000,7310000000,756000000,3386000000,,,,21079000000,,201275000000,222354000000,,,,,0.49610532846212174
C,0000831001,2017,76354000000,24826000000,25451000000,11921000000,7440000000,17242000000,625000000,3198000000,,,,30701000000,,206178000000,236879000000,,,,,0.30143424357831616
C,0000831001,2018,70797000000,21477000000,22072000000,12512000000,6444000000,14912000000,595000000,2756000000,,,133097000000,44452000000,,236709000000,281161000000,148064000000,,,,0.30174189923206596
C,0000831001,2019,72444000000,22761000000,23364000000,16518000000,29388000000,-6798000000,603000000,3361000000,,,,32346000000,,231999000000,264345000000,,,,,1.300929614873838
C,0000831001,2020,72854000000,23445000000,24002000000,24266000000,5357000000,18045000000,557000000,3774000000,,,,45049000000,,248760000000,293809000000,,,,,0.2289120587983933
C,0000831001,2021,75067000000,23901000000,24465000000,28382000000,4430000000,19401000000,564000000,5336000000,,,,29514000000,,271686000000,301200000000,,,,,0.1858923251227393
C,0000831001,2022,75501000000,13632000000,14051000000,13338000000,2525000000,11047000000,419000000,3446000000,,,,27973000000,,254374000000,282347000000,,,,,0.18604479811376362
C,0000831001,2023,71884000000,27469000000,27829000000,7981000000,5451000000,21952000000,360000000,4119000000,,,,47096000000,,271606000000,318702000000,,,,,0.1989198262963909
C,0000831001,2024,75338000000,18807000000,19159000000,,3642000000,14845000000,352000000,5632000000,,,,37457000000,,286619000000,324076000000,,,,,0.19700329961594634
SCHW,0000316709,2009,4994000000,,,623000000,733000000,2407000000,,168000000,,,4507000000,,,883000000,883000000,-3624000000,,,,0.23343949044585988
SCHW,0000316709,2010,5150000000,,,226000000,798000000,1212000000,,188000000,,,6764000000,,,1512000000,1512000000,-5252000000,,,,0.3970149253731343
SCHW,0000316709,2011,4193000000,,,183000000,489000000,787000000,,140000000,,,5442000000,,,2006000000,2006000000,-3436000000,,,,0.3832288401253918
SCHW,0000316709,2012,4248000000,,,199000000,325000000,454000000,,129000000,,,8241000000,,,2001000000,2001000000,-6240000000,,,,0.417201540436457
SCHW,0000316709,2013,4691000000,,,175000000,528000000,864000000,135000000,180000000,,,4931000000,,,,,,,,,0.3793103448275862
SCHW,0000316709,2014,4883000000,,,150000000,522000000,928000000,149000000,148000000,,,8679000000,,,,,,,,,0.36
SCHW,0000316709,2015,5435000000,1705000000,1859000000,105000000,634000000,1071000000,154000000,249000000,,,12663000000,,,,,,,,,0.3718475073313783
SCHW,0000316709,2016,6058000000,2115000000,2270000000,102000000,794000000,1321000000,155000000,400000000,,,7728000000,,,,,,,,,0.37541371158392434
SCHW,0000316709,2017,6380000000,2279000000,2458000000,132000000,832000000,1447000000,179000000,266000000,,,11363000000,0,,,,,,,,0.36507240017551557
SCHW,0000316709,2018,7478000000,2993000000,3190000000,171000000,1104000000,1889000000,197000000,346000000,,,10828000000,15000000000,,,15000000000,4172000000,,,,0.36886067490811897
SCHW,0000316709,2019,8618000000,3650000000,3882000000,342000000,1296000000,2354000000,232000000,400000000,,,14217000000,,,7430000000,7430000000,-6787000000,,,,0.35506849315068495
SCHW,0000316709,2020,10132000000,4562000000,,857000000,1055000000,3507000000,,570000000,,,27938000000,,,7430000000,7430000000,-20508000000,,,,0.23125822007891275
SCHW,0000316709,2021,10721000000,4848000000,,1064000000,1144000000,3704000000,,708000000,,,29345000000,0,,13632000000,13632000000,-15713000000,,,,0.23597359735973597
SCHW,0000316709,2022,11691000000,4300000000,,418000000,1001000000,3299000000,,631000000,,,40348000000,4855000000,,,4855000000,-35493000000,,,,0.2327906976744186
SCHW,0000316709,2023,18520000000,7713000000,,476000000,1858000000,5855000000,,916000000,,,62975000000,,,,,,,,,0.24089200051860496
SCHW,0000316709,2024,20762000000,9388000000,,,2205000000,7183000000,,971000000,,,40195000000,,,,,,,,,0.23487430762675757
AXP,0000004962,2009,,5694000000,,3981000000,1568000000,4012000000,,938000000,,,8246000000,8993000000,,60041000000,69034000000,60788000000,,,,0.2810035842293907
AXP,0000004962,2010,28365000000,,,3555000000,710000000,2699000000,,977000000,,,4064000000,2344000000,,77300000000,79644000000,75580000000,,,,0.20827222059254913
AXP,0000004962,2011,,,,2207000000,704000000,2130000000,,722000000,,,,3414000000,,66416000000,69830000000,,,,,0.24841213832039521
AXP,0000004962,2012,,,,2423000000,1907000000,4057000000,176000000,878000000,,,,4337000000,,59570000000,63907000000,,,,,0.3197518443997317
AXP,0000004962,2013,,,,2320000000,2057000000,4935000000,189000000,1189000000,,,,3314000000,,58973000000,62287000000,,,,,0.2941933638443936
AXP,0000004962,2014,,,,2226000000,1969000000,4482000000,198000000,1053000000,,,,5021000000,,55330000000,60351000000,,,,,0.3052239962796466
AXP,0000004962,2015,,,,1958000000,2529000000,5359000000,193000000,1006000000,,,,3480000000,,57955000000,61435000000,,,,,0.3206135902636917
AXP,0000004962,2016,,,,1707000000,3106000000,5885000000,174000000,1195000000,,,,4812000000,,48061000000,52873000000,,,,,0.3454565676787899
AXP,0000004962,2017,,,,1623000000,2775000000,5163000000,183000000,1341000000,,,,5581000000,,46990000000,52571000000,,,,,0.34958427815570675
AXP,0000004962,2018,,,,1705000000,2667000000,5375000000,194000000,1375000000,,,,3278000000,,55804000000,59082000000,,,,,0.33163392190997265
AXP,0000004962,2019,,,,2112000000,4677000000,2748000000,207000000,1062000000,,,,3100000000,,58423000000,61523000000,,,,,0.6298989898989898
AXP,0000004962,2020,,,,2943000000,1201000000,6921000000,212000000,1310000000,,,,6442000000,,57835000000,64277000000,,,,,0.14786998276286628
AXP,0000004962,2021,,,,3464000000,1670000000,6759000000,49000000,1645000000,,,,1878000000,,42952000000,44830000000,,,,,0.19812551904140469
AXP,0000004962,2022,,,,2098000000,1161000000,3135000000,54000000,1478000000,,,,2243000000,,38675000000,40918000000,,,,,0.2702513966480447
AXP,0000004962,2023,,,,1283000000,2629000000,8060000000,57000000,1550000000,,,,1348000000,,42573000000,43921000000,,,,,0.24595378426419684
AXP,0000004962,2024,,,,,2071000000,7514000000,51000000,1855000000,,,,1293000000,,47866000000,49159000000,,,,,0.21606677099634847
BLK,0002012383,2024,11061000000,6385000000,6636000000,,1296000000,5178000000,251000000,533000000,,,8736000000,,,7918000000,7918000000,-818000000,,,,0.20018535681186284
SPGI,0000064040,2009,6772281000,1676912000,,40581000,608973000,1013559000,,229609000,2302723000,2530703000,353498000,70022000,,1197611000,1267633000,914135000,,-651500000,,0.3753226438677327
SPGI,0000064040,2010,6355055000,1374684000,1853384000,75624000,479695000,799491000,478700000,,2936396000,2451954000,396096000,,,1197791000,1197791000,801695000,,88346000,739846000,0.3750001954367856
SPGI,0000064040,2011,5870000000,1259000000,1709000000,77000000,429000000,731000000,450000000,,3375000000,2681000000,472000000,0,,1198000000,1198000000,726000000,,222000000,133654000,0.36982758620689654
SPGI,0000064040,2012,3639000000,1026000000,1134000000,83000000,344000000,828000000,108000000,,4312000000,3369000000,1118000000,,,798000000,798000000,-320000000,,-175000000,-397000000,0.2935153583617747
SPGI,0000064040,2013,3954000000,1077000000,1203000000,77000000,374000000,911000000,126000000,,3899000000,3667000000,1416000000,,,799000000,799000000,-617000000,,-1184000000,-1009000000,0.29105058365758757
SPGI,0000064040,2014,4270000000,1170000000,1311000000,81000000,388000000,437000000,141000000,,2941000000,2372000000,835000000,,,799000000,799000000,-36000000,,-266000000,918000000,0.4703030303030303
SPGI,0000064040,2015,4702000000,1358000000,1495000000,59000000,425000000,1376000000,137000000,,3962000000,3920000000,760000000,,,795000000,795000000,35000000,,-718000000,-452000000,0.2359800111049417
SPGI,0000064040,2016,5051000000,113000000,247000000,59000000,245000000,-115000000,134000000,,3296000000,2908000000,1542000000,,,3468000000,3468000000,1926000000,,-1154000000,-436000000,1.8846153846153846
SPGI,0000064040,2017,5313000000,1917000000,2074000000,102000000,547000000,1156000000,157000000,,3671000000,2611000000,2497000000,,,3564000000,3564000000,1067000000,,-1437000000,-283000000,0.3211978860833823
SPGI,0000064040,2018,,3341000000,3522000000,181000000,960000000,2106000000,181000000,,4324000000,3214000000,2777000000,,,3170000000,3170000000,393000000,,-1667000000,-230000000,0.3131115459882583
SPGI,0000064040,2019,,2583000000,2763000000,149000000,823000000,1496000000,180000000,,3587000000,2630000000,1917000000,,,3662000000,3662000000,1745000000,,-960000000,707000000,0.3548943510133678
SPGI,0000064040,2020,,2790000000,2996000000,134000000,560000000,1958000000,206000000,,4712000000,3093000000,2866000000,,,3948000000,3948000000,1082000000,,-1247000000,-287000000,0.22239872915011913
SPGI,0000064040,2021,,3226000000,3430000000,141000000,627000000,2123000000,204000000,,5988000000,3587000000,4108000000,,,4110000000,4110000000,2000000,,-1707000000,-460000000,0.228
SPGI,0000064040,2022,,3617000000,3823000000,141000000,694000000,2339000000,206000000,,8810000000,3815000000,6497000000,,,4114000000,4114000000,-2383000000,,-1502000000,205000000,0.22881635344543355
SPGI,0000064040,2023,,4221000000,4399000000,119000000,901000000,3024000000,178000000,,5667000000,5999000000,1286000000,,,10730000000,10730000000,9444000000,,-1618000000,-116000000,0.22955414012738853
CB,0000896159,2009,14154000000,,,175000000,575000000,2578000000,,,,,565000000,,,2806000000,2806000000,2241000000,,,,0.18236600063431652
CB,0000896159,2010,13632000000,,,230000000,370000000,1197000000,,,,,510000000,,161000000,3158000000,3319000000,2809000000,,,,0.23611997447351626
CB,0000896159,2011,15075000000,,,225000000,528000000,2549000000,11000000,,,,867000000,1300000000,,3358000000,4658000000,3791000000,,,,0.1715957101072473
CB,0000896159,2012,16006000000,,,224000000,553000000,3085000000,9000000,,,,669000000,1251000000,,3360000000,4611000000,3942000000,,,,0.1520065970313359
CB,0000896159,2013,16834000000,,,250000000,502000000,1540000000,29000000,,,,772000000,1401000000,,3360000000,4761000000,3989000000,,,,0.24583741429970618
CB,0000896159,2014,17936000000,,,250000000,270000000,2706000000,51000000,,,,614000000,1901000000,,3807000000,5708000000,5094000000,,,,0.0907258064516129
CB,0000896159,2015,4419000000,,,275000000,480000000,734000000,95000000,,,,615000000,1150000000,,3357000000,4507000000,3892000000,,,,0.3953871499176277
CB,0000896159,2016,19171000000,3487000000,3595000000,280000000,634000000,2853000000,108000000,,,,579000000,0,,9389000000,9389000000,8810000000,,,,0.18181818181818182
CB,0000896159,2017,18987000000,3296000000,3467000000,300000000,462000000,2834000000,171000000,,,,655000000,500000000,,12610000000,13110000000,12455000000,,,,0.14016990291262135
CB,0000896159,2018,31469000000,4950000000,4969000000,605000000,815000000,4135000000,19000000,,,,985000000,1013000000,,11556000000,12569000000,11584000000,,,,0.16464646464646465
CB,0000896159,2019,32243000000,3722000000,3982000000,607000000,-139000000,3861000000,260000000,,,,728000000,509000000,,12087000000,12596000000,11868000000,,,,-0.03734551316496507
CB,0000896159,2020,32717000000,4657000000,4996000000,641000000,695000000,3962000000,339000000,,,,1247000000,1299000000,,13559000000,14858000000,13611000000,,,,0.14923770667811895
CB,0000896159,2021,34186000000,5249000000,5554000000,552000000,795000000,4454000000,305000000,,,,1537000000,0,,14948000000,14948000000,13411000000,,,,0.1514574204610402
CB,0000896159,2022,35994000000,4162000000,4452000000,516000000,629000000,3533000000,290000000,,,,1747000000,999000000,,15169000000,16168000000,14421000000,,,,0.15112926477654973
CB,0000896159,2023,40869000000,9794000000,10081000000,492000000,1269000000,8525000000,287000000,,,,,475000000,,14402000000,14877000000,,,,,0.1295691239534409
CB,0000896159,2024,43097000000,6485000000,6770000000,570000000,1239000000,5246000000,285000000,,,,,1460000000,,13035000000,14495000000,,,,,0.1910562837316885
PGR,0000080661,2009,14686800000,,,108600000,510500000,1182500000,,136300000,,,5600000,,,2175500000,2175500000,2169900000,,,,0.3015357353809805
PGR,0000080661,2010,12840100000,,,136700000,-152300000,-70000000,,98500000,,,5800000,,,2177200000,2177200000,2171400000,,,,
PGR,0000080661,2011,14563600000,,,139000000,499400000,1057500000,87300000,66600000,,,2900000,,,1958200000,1958200000,1955300000,,,,0.3207656239964031
PGR,0000080661,2012,15215500000,,,133500000,496900000,1068300000,83100000,64700000,,,160700000,,,2442100000,2442100000,2281400000,,,,0.3174674163046256
PGR,0000080661,2013,15774600000,,,132700000,471500000,1015500000,88500000,78900000,,,158900000,,,2063100000,2063100000,1904200000,,,,0.3170813718897108
PGR,0000080661,2014,17083900000,,,123800000,415400000,902300000,94400000,127700000,,,155700000,,,1860900000,1860900000,1705200000,,,,0.3152462624269561
PGR,0000080661,2015,18170900000,,,118200000,554600000,1165400000,101300000,140400000,,,179100000,,,2164700000,2164700000,1985600000,,,,0.3224418604651163
PGR,0000080661,2016,19391400000,,,116900000,626400000,1281000000,97100000,108100000,,,75100000,,,,,,,,,0.32840515885498583
PGR,0000080661,2017,20853800000,,,136000000,611100000,1267600000,103700000,130700000,,,211500000,,,,,,,,,0.3252781178474477
PGR,0000080661,2018,23441400000,,,140900000,413500000,1031000000,137400000,215000000,,,265000000,,,,,,,,,0.2862582208376601
PGR,0000080661,2019,26839000000,,,153100000,540800000,1592200000,169900000,155700000,,,69500000,,,,,,,,,0.25353961556493204
PGR,0000080661,2020,31979000000,,,166500000,542600000,2615300000,190400000,266000000,,,226200000,,,,,,,,,0.1718230469615884
PGR,0000080661,2021,39022300000,5160300000,5400100000,189700000,1180300000,3970300000,239800000,363500000,,,76500000,,500000000,,500000000,423500000,,,,0.22915776802702598
PGR,0000080661,2022,42658100000,7173200000,7448100000,217000000,1468600000,5704600000,274900000,223500000,,,187100000,,0,,,,,,,0.2047342887414264
PGR,0000080661,2023,47702000000,4210000000,4489700000,218600000,859100000,3350900000,279700000,243500000,,,203500000,,0,,,,,,,0.20406175771971496
PGR,0000080661,2024,49611000000,922000000,1228000000,244000000,200000000,722000000,306000000,292000000,,,85000000,,0,,,,,,,0.21691973969631237
MMC,0000062709,2009,,854000000,,267000000,298000000,2475000000,,378000000,4784000000,3386000000,2089000000,408000000,,,408000000,-1681000000,,-1099000000,,0.10746483952398125
MMC,0000062709,2010,,679000000,,220000000,113000000,-73000000,,386000000,4931000000,3715000000,2133000000,558000000,558000000,,1116000000,-1017000000,,-2033000000,-934000000,2.825
MMC,0000062709,2011,,778000000,,241000000,21000000,227000000,,305000000,5276000000,3105000000,1685000000,8000000,8000000,,16000000,-1669000000,,470000000,2503000000,0.0846774193548387
MMC,0000062709,2012,,939000000,,233000000,204000000,855000000,,271000000,5648000000,3739000000,1777000000,260000000,260000000,,520000000,-1257000000,,-388000000,-858000000,0.19263456090651557
MMC,0000062709,2013,,1638000000,1970000000,199000000,422000000,993000000,332000000,280000000,5963000000,3564000000,1894000000,,260000000,,260000000,-1634000000,,245000000,633000000,0.29823321554770316
MMC,0000062709,2014,,1829000000,2178000000,181000000,492000000,1176000000,349000000,320000000,6300000000,3809000000,2113000000,,334000000,,334000000,-1779000000,,44000000,-201000000,0.2949640287769784
MMC,0000062709,2015,,2077000000,2435000000,167000000,594000000,1357000000,358000000,401000000,5533000000,3677000000,2301000000,,11000000,,11000000,-2290000000,,-456000000,-500000000,0.3044592516658124
MMC,0000062709,2016,,2301000000,2689000000,165000000,586000000,1465000000,388000000,368000000,5044000000,3708000000,2303000000,,12000000,,12000000,-2291000000,,-979000000,-523000000,0.2857142857142857
MMC,0000062709,2017,,2419000000,2842000000,163000000,671000000,1599000000,423000000,325000000,4884000000,4082000000,1958000000,,262000000,,262000000,-1696000000,,-1418000000,-439000000,0.2955947136563877
MMC,0000062709,2018,,2431000000,2869000000,189000000,685000000,1768000000,438000000,253000000,5562000000,4262000000,1374000000,,262000000,,262000000,-1112000000,,-336000000,1082000000,0.2792498980839788
MMC,0000062709,2019,,2655000000,3136000000,237000000,1133000000,1492000000,481000000,302000000,5934000000,4924000000,1066000000,314000000,314000000,5510000000,6138000000,5072000000,,-684000000,-348000000,0.4316190476190476
MMC,0000062709,2020,,2761000000,3255000000,290000000,574000000,1650000000,494000000,314000000,7068000000,6679000000,1155000000,1215000000,1215000000,10741000000,13171000000,12016000000,,-3196000000,-2512000000,0.2580935251798561
MMC,0000062709,2021,,2677000000,3324000000,524000000,666000000,1742000000,647000000,421000000,8155000000,6556000000,1155000000,517000000,517000000,10796000000,11830000000,10675000000,,-590000000,2606000000,0.276578073089701
MMC,0000062709,2022,,3066000000,3807000000,515000000,747000000,2016000000,741000000,348000000,8264000000,6654000000,2089000000,17000000,17000000,10933000000,10967000000,8878000000,,-513000000,77000000,0.2703583061889251
MMC,0000062709,2023,,4312000000,5059000000,444000000,1034000000,3143000000,747000000,406000000,18959000000,17832000000,1752000000,,268000000,11227000000,11495000000,9743000000,,-893000000,-380000000,0.24754608570744555
MMC,0000062709,2024,20720000000,4280000000,4661000000,,995000000,3050000000,381000000,470000000,21748000000,19795000000,1442000000,,1619000000,11844000000,13463000000,12021000000,,-1108000000,-215000000,0.24598269468479605
ICE,0001571949,2013,1327000000,793000000,816000000,35000000,238000000,510000000,23000000,57000000,33750000000,32246000000,622000000,163000000,163000000,969000000,1295000000,673000000,,556000000,,0.3181818181818182
ICE,0001571949,2014,1363000000,827000000,851000000,39000000,228000000,552000000,24000000,32000000,44269000000,44321000000,823000000,1135000000,1135000000,3923000000,6193000000,5370000000,,-3145000000,-3701000000,0.2923076923076923
ICE,0001571949,2015,1730000000,790000000,830000000,56000000,184000000,254000000,40000000,134000000,50232000000,50436000000,1612000000,2042000000,2042000000,2235000000,6319000000,4707000000,,-5900000000,-2755000000,0.4200913242009132
ICE,0001571949,2016,4352000000,462000000,562000000,96000000,402000000,315000000,100000000,172000000,53313000000,54743000000,961000000,2591000000,2591000000,4717000000,9899000000,8938000000,,-7573000000,-1673000000,0.5606694560669456
ICE,0001571949,2017,4682000000,1750000000,1874000000,97000000,358000000,1274000000,124000000,190000000,57133000000,58617000000,1278000000,2493000000,2493000000,3871000000,8857000000,7579000000,,-7748000000,-175000000,0.2193627450980392
ICE,0001571949,2018,5971000000,2172000000,2314000000,178000000,586000000,1430000000,142000000,250000000,53562000000,54175000000,,1833000000,1833000000,4267000000,7933000000,,,-4279000000,3469000000,0.2906746031746032
ICE,0001571949,2019,5843000000,2379000000,2501000000,187000000,-28000000,2526000000,122000000,220000000,66692000000,66108000000,,951000000,951000000,6490000000,8392000000,,,-1318000000,2961000000,-0.01120896717373899
ICE,0001571949,2020,,2583000000,2716000000,244000000,500000000,1988000000,133000000,134000000,67979000000,68816000000,,2569000000,2569000000,5250000000,10388000000,,,-5975000000,-4657000000,0.20096463022508038
ICE,0001571949,2021,,2673000000,2818000000,285000000,521000000,1933000000,145000000,153000000,87219000000,87999000000,,2411000000,2411000000,14126000000,18948000000,,,-5602000000,373000000,0.21230643846780767
ICE,0001571949,2022,,3033000000,3206000000,357000000,658000000,2089000000,173000000,207000000,154300000000,153411000000,,1521000000,1521000000,12397000000,15439000000,,,-2153000000,3449000000,0.23953403713141608
ICE,0001571949,2023,,3449000000,3623000000,423000000,1629000000,4058000000,174000000,179000000,156947000000,149171000000,1799000000,4000000,4000000,18118000000,18126000000,16327000000,,5969000000,8122000000,0.28644276419905046
ICE,0001571949,2024,,3638000000,3812000000,,310000000,1446000000,174000000,225000000,84973000000,84626000000,1799000000,1954000000,1954000000,20659000000,24567000000,22768000000,,-5360000000,-11329000000,0.1765375854214123
CME,0001156375,2009,1756100000,1051900000,1157600000,,437300000,658500000,105700000,163700000,19111500000,18643000000,969500000,,,,,,,-501000000,,0.3990691732067896
CME,0001156375,2010,2561000000,1582200000,1719500000,,532500000,715500000,137300000,200100000,6699000000,6523600000,845300000,,,,,,,-669900000,-168900000,0.4266826923076923
CME,0001156375,2011,2612800000,1589100000,1715400000,,611700000,825800000,126300000,157900000,5387500000,4781200000,297900000,,,,,,,308400000,978300000,0.4255304347826087
CME,0001156375,2012,3003700000,1831100000,1961000000,,769800000,951400000,129900000,160000000,10945800000,9615200000,260600000,,,,,,,1070000000,761600000,0.4472461073669533
CME,0001156375,2013,3280600000,2021100000,2149600000,,122100000,1812300000,128500000,172200000,8717900000,7616900000,855200000,,,,,,,245800000,-824200000,0.06312034739454095
CME,0001156375,2014,2914600000,1692000000,1828900000,,786700000,896300000,136900000,141800000,24405600000,23311000000,1042300000,,,,,,,52300000,-193500000,0.46743909685086155
CME,0001156375,2015,2936300000,1637000000,1772100000,,622900000,976800000,135100000,125600000,42545300000,41531200000,1604700000,,,,,,,-590600000,-642900000,0.38938550978308434
CME,0001156375,2016,3112500000,1768400000,1901000000,,644500000,1127100000,132600000,140700000,37904500000,36824500000,2469700000,,,,,,,-1389700000,-799100000,0.3637954391510499
CME,0001156375,2017,3326800000,1988700000,2117900000,,709800000,367800000,129200000,114200000,40031500000,38945600000,1366100000,,,,,,,-280200000,1109500000,0.6586859688195991
CME,0001156375,2018,3595200000,2200500000,2329700000,,753500000,1534100000,129200000,91800000,46906500000,45672900000,1868600000,0,,,,,,-635000000,-354800000,0.3293845077810806
CME,0001156375,2019,3644700000,2310600000,2423600000,,-1537100000,4063400000,113000000,81900000,41886700000,41272600000,1903600000,574200000,,,574200000,-1329400000,,-1863700000,-1228700000,-0.608439219411788
CME,0001156375,2020,4309400000,2607600000,2726300000,,814100000,1962200000,118700000,116700000,39567800000,38522500000,1374500000,,,,,,,-329200000,1534500000,0.2932319994236934
CME,0001156375,2021,4868000000,2587800000,2746400000,,573800000,2116500000,158600000,245600000,89283900000,88197900000,1551400000,0,,,,,,-465400000,-136200000,0.21328476378099095
CME,0001156375,2022,4883600000,2637400000,2790600000,,615700000,2105200000,153200000,197500000,161761800000,160398400000,1633200000,749400000,,,749400000,-883800000,,-1019200000,-553800000,0.22628542026535337
CME,0001156375,2023,4689700000,2645200000,2793000000,,736700000,2636400000,147800000,127200000,139078300000,137687500000,2834900000,16000000,,,16000000,-2818900000,,-1460100000,-440900000,0.21840443508938365
CME,0001156375,2024,5019400000,3015900000,3150800000,,799300000,3226200000,134900000,89700000,94890200000,93416900000,2720100000,0,,,,,,-1246800000,213300000,0.19855918519438578
AON,0000315293,2009,7234000000,1003000000,,138000000,348000000,864000000,,170000000,14526000000,12803000000,281000000,105000000,,1872000000,1977000000,1696000000,,1337000000,,0.2871287128712871
AON,0000315293,2010,7528000000,940000000,,126000000,242000000,1462000000,,103000000,13989000000,12640000000,584000000,10000000,,1998000000,2008000000,1424000000,,755000000,-582000000,0.142018779342723
AON,0000315293,2011,7595000000,1021000000,1170000000,122000000,268000000,,149000000,140000000,14519000000,12949000000,582000000,492000000,,4014000000,4506000000,3924000000,,496000000,-259000000,
AON,0000315293,2012,8512000000,1244000000,1395000000,182000000,300000000,,151000000,180000000,15505000000,13760000000,217000000,337000000,,4155000000,4492000000,4275000000,,1191000000,695000000,
AON,0000315293,2013,11287000000,1596000000,1816000000,245000000,378000000,,220000000,241000000,16382000000,15350000000,346000000,452000000,,3713000000,4165000000,3819000000,,234000000,-957000000,
AON,0000315293,2014,11514000000,1596000000,1828000000,228000000,360000000,,232000000,269000000,16330000000,15411000000,272000000,703000000,,3686000000,4389000000,4117000000,,-56000000,-290000000,
AON,0000315293,2015,11815000000,1671000000,1911000000,210000000,390000000,,240000000,229000000,15823000000,15014000000,291000000,783000000,,4799000000,5582000000,5291000000,,-265000000,-209000000,
AON,0000315293,2016,12045000000,1966000000,2208000000,255000000,334000000,,242000000,256000000,13565000000,13085000000,477000000,562000000,,5138000000,5700000000,5223000000,,-559000000,-294000000,
AON,0000315293,2017,9480000000,1587000000,1751000000,273000000,175000000,,164000000,200000000,13146000000,12495000000,426000000,336000000,,5869000000,6205000000,5779000000,,-111000000,448000000,
AON,0000315293,2018,9409000000,1811000000,1973000000,282000000,148000000,,162000000,156000000,13677000000,12755000000,756000000,299000000,,5667000000,5966000000,5210000000,,-133000000,-22000000,
AON,0000315293,2019,,1065000000,,282000000,250000000,,,183000000,14372000000,13296000000,656000000,251000000,,5993000000,6244000000,5588000000,,169000000,302000000,
AON,0000315293,2020,,1544000000,,278000000,146000000,,,240000000,16476000000,15571000000,790000000,712000000,,6627000000,7339000000,6549000000,,-597000000,-766000000,
AON,0000315293,2021,,2169000000,,307000000,297000000,1532000000,,225000000,18684000000,17433000000,790000000,448000000,,7281000000,7729000000,6939000000,,13000000,610000000,0.16238381629305632
AON,0000315293,2022,,2781000000,,334000000,448000000,1969000000,,141000000,19032000000,19073000000,884000000,1164000000,,8228000000,9392000000,8508000000,,-2089000000,-2102000000,0.1853537443111295
AON,0000315293,2023,,2090000000,,322000000,623000000,1255000000,,137000000,20723000000,20306000000,544000000,945000000,,9825000000,10770000000,10226000000,,-1072000000,1017000000,0.3317358892438765
AON,0000315293,2024,,3669000000,,,510000000,2589000000,,196000000,21704000000,21651000000,690000000,1204000000,,9995000000,11199000000,10509000000,,-1841000000,-769000000,0.16456921587608905
TRV,0000086312,2009,26017000000,,,,1615000000,,,,,,459000000,,,,,,,,,
TRV,0000086312,2010,24477000000,,,,792000000,,,,,,271000000,,373000000,6165000000,6538000000,6267000000,,,,
TRV,0000086312,2011,24680000000,3600000000,,,1089000000,,,,,,350000000,,109000000,6519000000,6628000000,6278000000,,,,
TRV,0000086312,2012,25112000000,3043000000,,,1090000000,,,,,,255000000,,350000000,6269000000,6619000000,6364000000,,,,
TRV,0000086312,2013,25446000000,1390000000,,,-74000000,,,,,,200000000,600000000,,5761000000,6361000000,6161000000,,,,
TRV,0000086312,2014,25740000000,2441000000,,,693000000,,,,,,214000000,100000000,,6261000000,6361000000,6147000000,,,,
TRV,0000086312,2015,26191000000,,,361000000,1272000000,3673000000,,,,,330000000,500000000,,,500000000,170000000,,,,0.2572295247724975
TRV,0000086312,2016,27174000000,,,369000000,1397000000,3692000000,,,,,294000000,500000000,,,500000000,206000000,,,,0.2745136569070544
TRV,0000086312,2017,26815000000,,,373000000,1301000000,3439000000,818000000,,,,374000000,550000000,,,550000000,176000000,,,,0.27447257383966245
TRV,0000086312,2018,27625000000,,,363000000,1039000000,3014000000,826000000,,,,380000000,600000000,,,600000000,220000000,,,,0.25635331852948434
TRV,0000086312,2019,28902000000,,,369000000,674000000,2056000000,813000000,,,,373000000,600000000,,,600000000,227000000,,,,0.2468864468864469
TRV,0000086312,2020,30282000000,,,352000000,438000000,2523000000,803000000,,,,494000000,600000000,,,600000000,106000000,,,,0.14792299898682879
TRV,0000086312,2021,31581000000,,,344000000,516000000,2622000000,763000000,,,,721000000,100000000,,,100000000,-621000000,,,,0.16443594646271512
TRV,0000086312,2022,31981000000,,,339000000,540000000,2697000000,789000000,,,,761000000,100000000,,,100000000,-661000000,,,,0.16682113067655235
TRV,0000086312,2023,34816000000,,,340000000,796000000,3662000000,870000000,,,,799000000,100000000,,,100000000,-699000000,,,,0.17855540601166442
TRV,0000086312,2024,36884000000,,,351000000,512000000,2842000000,826000000,,,,650000000,100000000,,,100000000,-550000000,,,,0.1526535480023852
JNJ,0000200406,2009,,,,296000000,2707000000,,2777000000,2942000000,34377000000,20852000000,4083000000,3732000000,,8120000000,11852000000,7769000000,,5710000000,,
JNJ,0000200406,2010,,,,435000000,3980000000,3507000000,2832000000,3066000000,39541000000,21731000000,7770000000,6318000000,34000000,8223000000,14575000000,6805000000,,3688000000,-2022000000,0.5315880860157607
JNJ,0000200406,2011,,16582000000,19356000000,451000000,3489000000,4526000000,2774000000,2365000000,47307000000,23072000000,10768000000,7617000000,,9156000000,16773000000,6005000000,,5850000000,2162000000,0.43530879600748595
JNJ,0000200406,2012,,17700000000,20639000000,455000000,3613000000,13334000000,2939000000,2384000000,54316000000,22811000000,15810000000,6658000000,,12969000000,19627000000,3817000000,,9037000000,3187000000,0.21319407564760726
JNJ,0000200406,2013,,13765000000,16923000000,571000000,2689000000,9672000000,3158000000,2893000000,46116000000,24262000000,19355000000,4676000000,,11489000000,16165000000,-3190000000,,-2177000000,-11214000000,0.21753903405873312
JNJ,0000200406,2014,,14955000000,18621000000,532000000,3261000000,10853000000,3666000000,2934000000,56407000000,25675000000,24542000000,4852000000,,13328000000,18180000000,-6362000000,,1338000000,3515000000,0.2310471871900241
JNJ,0000200406,2015,,,,482000000,1640000000,13831000000,4104000000,3595000000,55744000000,25031000000,14911000000,3638000000,,15122000000,18760000000,3849000000,,12164000000,10826000000,0.10600478314265399
JNJ,0000200406,2016,,,,533000000,4240000000,16323000000,3895000000,3714000000,60210000000,27747000000,20927000000,7004000000,,12857000000,19861000000,-1066000000,,4532000000,-7632000000,0.20619559402810875
JNJ,0000200406,2017,,,,552000000,3787000000,15409000000,3746000000,3463000000,65032000000,26287000000,14523000000,4684000000,1700000000,22442000000,28826000000,14303000000,,17838000000,13306000000,0.1972806834757241
JNJ,0000200406,2018,71890000000,,,726000000,3263000000,16540000000,3754000000,3226000000,43088000000,30537000000,13732000000,3906000000,1500000000,30675000000,36081000000,22349000000,,-6587000000,-24425000000,0.16477301418976922
JNJ,0000200406,2019,76450000000,,,934000000,16373000000,1300000000,5642000000,3279000000,46033000000,31230000000,18107000000,2796000000,,27684000000,30480000000,12373000000,,-6100000000,487000000,0.9264414643806937
JNJ,0000200406,2020,81581000000,,,1005000000,2702000000,15297000000,6929000000,3670000000,45274000000,35964000000,17305000000,1202000000,,26494000000,27696000000,10391000000,,-9197000000,-3097000000,0.15011945108061558
JNJ,0000200406,2021,82059000000,,,318000000,2209000000,15119000000,7009000000,3498000000,51237000000,42493000000,13985000000,2631000000,1799000000,32635000000,37065000000,23080000000,,-9671000000,-474000000,0.1274815327793167
JNJ,0000200406,2022,82584000000,,,201000000,1783000000,14714000000,7231000000,3347000000,60979000000,45226000000,14487000000,3766000000,2131000000,29985000000,35882000000,21395000000,,-4631000000,5040000000,0.10808025701642723
JNJ,0000200406,2023,78740000000,,,183000000,1377000000,20878000000,7390000000,3652000000,55294000000,55802000000,12889000000,12756000000,1551000000,26886000000,41193000000,28304000000,,-27704000000,-23073000000,0.061873736239047405
JNJ,0000200406,2024,79990000000,,,,2989000000,17941000000,6970000000,4009000000,53495000000,46282000000,21859000000,3451000000,1469000000,25881000000,30801000000,8942000000,,-19566000000,8138000000,0.142809364548495
UNH,0000731766,2009,75431000000,7849000000,,544000000,2651000000,4654000000,,871000000,14990000000,19761000000,10320000000,,1456000000,11338000000,12794000000,2474000000,,-16547000000,,0.36290212183436005
UNH,0000731766,2010,81186000000,5263000000,,639000000,1647000000,2977000000,,791000000,18200000000,22163000000,8865000000,,2164000000,9009000000,11173000000,2308000000,,-14992000000,1555000000,0.3561851211072664
UNH,0000731766,2011,87138000000,6359000000,6795000000,551000000,1986000000,3822000000,436000000,739000000,18393000000,23700000000,7426000000,,2480000000,8662000000,11142000000,3716000000,,-15213000000,-221000000,0.3419421487603306
UNH,0000731766,2012,94155000000,7864000000,8262000000,481000000,2749000000,4634000000,398000000,878000000,20350000000,23922000000,9800000000,,982000000,10656000000,11638000000,1838000000,,-14354000000,859000000,0.3723418664499526
UNH,0000731766,2013,101862000000,8464000000,8850000000,505000000,2817000000,5142000000,386000000,1067000000,21052000000,27116000000,9123000000,,2713000000,14041000000,16754000000,7631000000,,-17900000000,-3546000000,0.35393893705239354
UNH,0000731766,2014,110618000000,9254000000,9703000000,632000000,3096000000,5526000000,449000000,1070000000,20380000000,27881000000,9429000000,,1969000000,14891000000,16860000000,7431000000,,-18899000000,-999000000,0.35908141962421714
UNH,0000731766,2015,122489000000,9623000000,10068000000,708000000,3242000000,5625000000,445000000,1307000000,23556000000,30623000000,8406000000,,1399000000,16007000000,17406000000,9000000000,,-16872000000,2027000000,0.36562535243035976
UNH,0000731766,2016,130474000000,10274000000,10806000000,618000000,4037000000,5619000000,532000000,1525000000,31639000000,42898000000,7276000000,,6634000000,25331000000,31965000000,24689000000,,-25169000000,-8297000000,0.41808202154101076
UNH,0000731766,2017,157107000000,11021000000,11634000000,790000000,4363000000,5813000000,613000000,1556000000,33879000000,49252000000,7495000000,,7193000000,25777000000,32970000000,25475000000,,-30061000000,-4892000000,0.42875393081761004
UNH,0000731766,2018,184840000000,12930000000,13628000000,1067000000,4790000000,7017000000,698000000,1705000000,37084000000,50463000000,10923000000,,2857000000,28835000000,31692000000,20769000000,,-27159000000,2902000000,0.40569153891759124
UNH,0000731766,2019,201159000000,15209000000,16008000000,1186000000,3200000000,10558000000,799000000,2023000000,38692000000,53209000000,10430000000,,1973000000,34581000000,36554000000,26124000000,,-26920000000,239000000,0.23259194650385231
UNH,0000731766,2020,226247000000,17344000000,18268000000,1400000000,3562000000,11986000000,924000000,2063000000,42634000000,61782000000,11981000000,,3870000000,36808000000,40678000000,28697000000,,-34999000000,-8079000000,0.22909698996655517
UNH,0000731766,2021,242155000000,19685000000,20680000000,1704000000,3742000000,13839000000,995000000,2071000000,53718000000,72420000000,10866000000,,4819000000,38648000000,43467000000,32601000000,,-34387000000,612000000,0.21284341049997155
UNH,0000731766,2022,257141000000,22405000000,23405000000,1663000000,4973000000,15403000000,1000000000,2051000000,61758000000,78292000000,21375000000,3620000000,,42383000000,46003000000,24628000000,,-41529000000,-7142000000,0.2440616411464468
UNH,0000731766,2023,287597000000,23970000000,24970000000,1660000000,4578000000,17285000000,1000000000,2454000000,69069000000,89237000000,23365000000,3110000000,,54513000000,57623000000,34258000000,,-46643000000,-5114000000,0.20939486804189728
UNH,0000731766,2024,324162000000,28435000000,29535000000,2092000000,5704000000,20120000000,1100000000,2802000000,78437000000,99054000000,25427000000,4274000000,,58263000000,62537000000,37110000000,,-50318000000,-3675000000,0.22087980173482033
LLY,0000059478,2009,18633500000,,,,923800000,2953000000,-1047900000,,12453300000,13109700000,3109300000,5846300000,,4615700000,10462000000,7352700000,,-9612000000,,0.23828931077177054
LLY,0000059478,2010,20371900000,,,-228300000,764300000,-2071900000,1122600000,,12486500000,6568100000,3220500000,27400000,-20300000,6634700000,6641800000,3421300000,,2690800000,12302800000,
LLY,0000059478,2011,21836000000,,,261300000,1029000000,4328800000,1297800000,,14840000000,6926900000,5496700000,156000000,18200000,6770500000,6944700000,1448000000,,2242200000,-448600000,0.19205644107656128
LLY,0000059478,2012,23076000000,6767200000,8095400000,185500000,1455700000,5069500000,1328200000,,14248200000,8930900000,4462900000,1522300000,1516800000,5464700000,8503800000,4040900000,,-2184700000,-4426900000,0.2230889474652118
LLY,0000059478,2013,24286500000,,,186000000,1001800000,4347700000,1373600000,,13038700000,8389500000,5993200000,11900000,11900000,5519400000,5543200000,-450000000,,-1367800000,816900000,0.1872698383026451
LLY,0000059478,2014,22603400000,,,177800000,1319600000,4088600000,1462200000,,13104700000,8916600000,5922500000,,,4200300000,4200300000,-1722200000,,-1734400000,-366600000,0.24399985207647645
LLY,0000059478,2015,23113100000,5889300000,7334900000,160100000,1204500000,4684800000,1445600000,,11928300000,9741000000,4018800000,,,5332800000,5332800000,1314000000,,-1831500000,-97100000,0.2045234577963425
LLY,0000059478,2016,19615600000,3000300000,4379300000,148800000,609800000,2390500000,1379000000,,12573600000,8229600000,3830200000,,,7972400000,7972400000,4142200000,,513800000,2345300000,0.20324634203246342
LLY,0000059478,2017,19958700000,2790000000,4217700000,161200000,381600000,2408400000,1427700000,,15101400000,10986600000,3871600000,,,8367800000,8367800000,4496200000,,243200000,-270600000,0.1367741935483871
LLY,0000059478,2018,21222100000,3374000000,4870600000,185200000,636400000,2737600000,1496600000,,19202100000,14535900000,3666400000,,,9940500000,9940500000,6274100000,,999800000,756600000,0.1886188500296384
LLY,0000059478,2019,19973800000,2304800000,3872100000,225000000,2391200000,-204100000,1567300000,,20549600000,11888100000,7320700000,,,9196400000,9196400000,1875700000,,1340800000,341000000,1.0933199213570481
LLY,0000059478,2020,21493300000,3680100000,5289100000,242500000,529500000,3232000000,1609000000,,13709600000,11775200000,2337500000,,,13817900000,13817900000,11480400000,,-403100000,-1743900000,0.14076831051442243
LLY,0000059478,2021,22319500000,5265900000,6498500000,400600000,628000000,8318400000,1232600000,,17462100000,12481600000,3657100000,,,16586600000,16586600000,12929500000,,1323400000,1726500000,0.07019583296074398
LLY,0000059478,2022,24539800000,7229900000,8553800000,359600000,1036200000,6193700000,1323900000,,18452400000,15052700000,3818500000,,,15346400000,15346400000,11527900000,,-418800000,-1742200000,0.14332148439120873
LLY,0000059478,2023,28318400000,6155500000,7703100000,339800000,573800000,5581700000,1547600000,,18034500000,17138200000,2067000000,,,14737500000,14737500000,12670500000,,-1170700000,-751900000,0.09321744781090081
LLY,0000059478,2024,28541400000,6806400000,8328900000,,561600000,6244800000,1522500000,,25727000000,27293200000,2818600000,,,18320800000,18320800000,15502200000,,-4384800000,-3214100000,0.08251057827926657
MRK,0000310158,2009,24197700000,,,,95300000,3275400000,1988200000,,19112600000,14318700000,5914700000,2297100000,,3943300000,6240400000,325700000,,-3417900000,,0.028273059008514553
MRK,0000310158,2010,23850000000,,,251000000,1999000000,7808000000,1631000000,,28432000000,15641000000,5336000000,1379000000,,16095000000,17474000000,12138000000,,6076000000,9493900000,0.2038339961252167
MRK,0000310158,2011,,15290000000,17866000000,460000000,2268000000,12899000000,2576000000,,29064000000,15641000000,4368000000,2400000000,,15482000000,17882000000,13514000000,,6655000000,579000000,0.14953517505109779
MRK,0000310158,2012,,1653000000,9034000000,715000000,671000000,861000000,7381000000,,33181000000,16245000000,9311000000,1990000000,,15525000000,17515000000,8204000000,,5635000000,-1020000000,0.43798955613577023
MRK,0000310158,2013,,7334000000,14761000000,695000000,942000000,6272000000,7427000000,,34857000000,18348000000,10900000000,4315000000,1800000000,16254000000,22369000000,11469000000,,-506000000,-6141000000,0.1305794288882728
MRK,0000310158,2014,,8739000000,15717000000,714000000,2440000000,6168000000,6978000000,,35685000000,17868000000,13531000000,4521000000,2100000000,20539000000,27160000000,13629000000,,-2335000000,-1829000000,0.28345724907063197
MRK,0000310158,2015,,5545000000,12533000000,801000000,1028000000,4404000000,6988000000,,32605000000,18397000000,13451000000,2704000000,1000000000,18699000000,22403000000,8952000000,,-2947000000,-612000000,0.18924889543446244
MRK,0000310158,2016,,17283000000,23974000000,732000000,5349000000,11920000000,6691000000,,29751000000,19201000000,15621000000,2583000000,2300000000,23829000000,28712000000,13091000000,,-9954000000,-7007000000,0.3097457872488274
MRK,0000310158,2017,,5401000000,11776000000,672000000,942000000,4442000000,6375000000,,30614000000,17204000000,7441000000,568000000,300000000,24274000000,25142000000,17701000000,,5101000000,15055000000,0.17496285289747399
MRK,0000310158,2018,39807000000,4659000000,10130000000,693000000,718000000,3920000000,5471000000,,24766000000,18614000000,6092000000,3057000000,3000000000,21353000000,27410000000,21318000000,,-5997000000,-11098000000,0.15480810694264768
MRK,0000310158,2019,40122000000,6521000000,11197000000,754000000,4103000000,2394000000,4676000000,,25875000000,22206000000,7965000000,5308000000,1900000000,19806000000,27014000000,19049000000,,-11504000000,-5507000000,0.6315222410343235
MRK,0000310158,2020,42294000000,8701000000,,772000000,2508000000,6220000000,,,27483000000,22220000000,9676000000,3610000000,1900000000,22736000000,28246000000,18570000000,,-9923000000,1581000000,0.2873510540788268
MRK,0000310158,2021,39121000000,7171000000,,893000000,1565000000,9843000000,,,27764000000,27327000000,8050000000,6431000000,2300000000,25360000000,34091000000,26041000000,,-16344000000,-6421000000,0.1371844319775596
MRK,0000310158,2022,41518000000,5863000000,,831000000,1340000000,7067000000,,,30266000000,23872000000,8096000000,2412000000,2300000000,30690000000,35402000000,27306000000,,-6414000000,9930000000,0.15939098370405613
MRK,0000310158,2023,48704000000,13879000000,,806000000,1521000000,13049000000,,4448000000,35722000000,24239000000,12694000000,1946000000,1700000000,28745000000,32391000000,19697000000,,-4857000000,1557000000,0.10439258750857927
MRK,0000310158,2024,59283000000,16444000000,,,1918000000,14519000000,,4388000000,32168000000,25694000000,6841000000,1372000000,1300000000,33683000000,36355000000,29514000000,,-3039000000,1818000000,0.11668796009004076
ABBV,0001551152,2013,,3620000000,4128000000,104000000,235000000,,508000000,356000000,15354000000,6776000000,10000000,1020000000,22000000,,1042000000,1032000000,,7526000000,,
ABBV,0001551152,2014,,5817000000,6342000000,104000000,450000000,,525000000,333000000,17848000000,6879000000,27000000,413000000,18000000,,431000000,404000000,,10511000000,2985000000,
ABBV,0001551152,2015,,5664000000,6052000000,299000000,1204000000,,388000000,491000000,16081000000,11393000000,5901000000,425000000,4014000000,,4439000000,-1462000000,,-5652000000,-16163000000,
ABBV,0001551152,2016,,3411000000,3794000000,429000000,595000000,1774000000,383000000,612000000,16314000000,10894000000,9595000000,406000000,2025000000,,2431000000,-7164000000,,-6606000000,-954000000,0.25116082735331363
ABBV,0001551152,2017,,7537000000,7954000000,719000000,1501000000,5144000000,417000000,532000000,16187000000,9781000000,8348000000,377000000,25000000,,402000000,-7946000000,,-2344000000,4262000000,0.22588412340105343
ABBV,0001551152,2018,25638000000,9340000000,9765000000,1047000000,1931000000,5953000000,425000000,479000000,21223000000,16641000000,8399000000,400000000,6015000000,,6415000000,-1984000000,,-10232000000,-7888000000,0.24492643328259767
ABBV,0001551152,2019,28216000000,9545000000,9970000000,1150000000,2418000000,5309000000,425000000,529000000,16945000000,17239000000,5100000000,3699000000,1609000000,67233000000,72541000000,67441000000,,-10702000000,-470000000,0.31292869160088005
ABBV,0001551152,2020,32753000000,6383000000,6854000000,1348000000,-490000000,5687000000,471000000,638000000,49519000000,15585000000,39924000000,0,3753000000,84948000000,88701000000,48777000000,,-9743000000,959000000,-0.09428516451799115
ABBV,0001551152,2021,33266000000,12983000000,13447000000,1784000000,544000000,7882000000,464000000,552000000,24173000000,28661000000,8449000000,34000000,8468000000,75962000000,84464000000,76015000000,,-21439000000,-11696000000,0.0645620697840019
ABBV,0001551152,2022,45804000000,11363000000,12029000000,2454000000,-1224000000,4616000000,666000000,798000000,27928000000,35194000000,9746000000,14000000,12481000000,63128000000,75623000000,65877000000,,-29507000000,-8068000000,-0.3608490566037736
ABBV,0001551152,2023,56197000000,17924000000,18727000000,2423000000,1440000000,11542000000,803000000,787000000,28463000000,29538000000,9201000000,1000000,4135000000,59245000000,63381000000,54180000000,,-14412000000,15095000000,0.11092281620705592
ABBV,0001551152,2024,58054000000,18117000000,18895000000,2230000000,1632000000,11836000000,778000000,695000000,33002000000,37841000000,12814000000,,7191000000,66841000000,74032000000,61218000000,,-24844000000,-10432000000,0.12117612117612117
PFE,0000078003,2009,,,,,1023000000,8144000000,5200000000,1880000000,43076000000,27009000000,1827000000,9320000000,937000000,7963000000,18220000000,16393000000,,3983000000,,0.1115959419657467
PFE,0000078003,2010,,,,516000000,1645000000,8104000000,5090000000,1701000000,61670000000,37225000000,3406000000,5469000000,27000000,43193000000,48689000000,45283000000,,15543000000,11560000000,0.16873525489793825
PFE,0000078003,2011,,10674000000,15431000000,1232000000,2145000000,8635000000,4757000000,1205000000,61013000000,28636000000,2122000000,5603000000,3502000000,38410000000,47515000000,45393000000,,21150000000,5607000000,0.1989795918367347
PFE,0000078003,2012,,9471000000,17870000000,1797000000,1153000000,8257000000,8399000000,1513000000,60817000000,28909000000,1978000000,4016000000,6000000,34926000000,38948000000,36970000000,,25908000000,4758000000,0.12252922422954304
PFE,0000078003,2013,,11481000000,20182000000,1681000000,3621000000,10009000000,8701000000,1660000000,64831000000,29186000000,1735000000,6424000000,2449000000,31036000000,39909000000,38174000000,,25037000000,-871000000,0.2656639765223771
PFE,0000078003,2014,,11242000000,18636000000,1522000000,2221000000,14570000000,7394000000,1327000000,56244000000,23366000000,3182000000,6027000000,2060000000,30462000000,38549000000,35367000000,,21609000000,-3428000000,0.1322732416175332
PFE,0000078003,2015,,15716000000,22022000000,1414000000,4306000000,22003000000,6306000000,1206000000,55595000000,21587000000,10081000000,5141000000,3011000000,31541000000,39693000000,29612000000,,15775000000,-5834000000,0.163670226918545
PFE,0000078003,2016,,12240000000,17777000000,1360000000,3120000000,9135000000,5537000000,1199000000,43804000000,29399000000,2183000000,10159000000,3719000000,28740000000,42618000000,40435000000,,-1656000000,-17431000000,0.25458996328029376
PFE,0000078003,2017,,8965000000,14122000000,1199000000,1990000000,6960000000,5157000000,1397000000,38949000000,31115000000,3343000000,10688000000,4225000000,31398000000,46311000000,42968000000,,-10422000000,-8766000000,0.2223463687150838
PFE,0000078003,2018,,8351000000,14108000000,1186000000,1123000000,7215000000,5757000000,1823000000,41141000000,30427000000,1342000000,9953000000,3546000000,33538000000,47037000000,45695000000,,-4127000000,6295000000,0.13468457663708322
PFE,0000078003,2019,,12305000000,18574000000,1270000000,-9049000000,21308000000,6269000000,1956000000,49926000000,31858000000,1139000000,8831000000,4776000000,32909000000,46516000000,45377000000,,3322000000,7449000000,-0.7381515621176279
PFE,0000078003,2020,,3594000000,,1316000000,-266000000,11153000000,,1984000000,32803000000,37304000000,1121000000,16195000000,1462000000,35955000000,53612000000,52491000000,,-23279000000,-26601000000,-0.02443280977312391
PFE,0000078003,2021,,11321000000,17076000000,1573000000,583000000,16026000000,5755000000,2046000000,35067000000,25920000000,1786000000,2703000000,2002000000,37133000000,41838000000,40052000000,,2656000000,25935000000,0.035101451020531034
PFE,0000078003,2022,41651000000,7036000000,11717000000,1449000000,370000000,9159000000,4681000000,2226000000,59693000000,42671000000,1944000000,2241000000,1636000000,36195000000,40072000000,38128000000,,11201000000,8545000000,0.03882883828313569
PFE,0000078003,2023,81288000000,24311000000,29502000000,1291000000,1852000000,21979000000,5191000000,2711000000,51259000000,42138000000,416000000,2945000000,2560000000,32884000000,38389000000,37973000000,,3200000000,-8001000000,0.07771390206034157
PFE,0000078003,2024,101175000000,34729000000,39793000000,1238000000,3328000000,31372000000,5064000000,3236000000,43333000000,47794000000,2853000000,10350000000,2254000000,61538000000,74142000000,71289000000,,-19918000000,-23118000000,0.09590778097982709
TMO,0000097745,2009,9746400000,974400000,1731200000,,93700000,748400000,756800000,175500000,4345900000,1540200000,667400000,,,,,,,2138300000,,0.11126944543403396
TMO,0000097745,2010,10498000000,1229400000,2022100000,151500000,152600000,980900000,792700000,264400000,4530900000,1639300000,625100000,,,,,,,2266500000,128200000,0.13462726069695632
TMO,0000097745,2011,9911600000,1002100000,1765000000,118000000,57200000,850300000,762900000,200000000,4135000000,1709800000,1280500000,,,,,,,1144700000,-1121800000,0.06303030303030303
TMO,0000097745,2012,10393100000,1188100000,1927800000,84700000,101600000,1035600000,739700000,245400000,4821900000,3113100000,1564100000,,,,,,,144700000,-1000000000,0.08934224410833626
TMO,0000097745,2013,11558800000,1250800000,2110400000,175300000,109400000,1329900000,859600000,260900000,4834800000,2093300000,917100000,,,,,,,1824400000,1679700000,0.07600917112485236
TMO,0000097745,2014,12509900000,1482100000,2465800000,241600000,11000000,,983700000,315100000,9880700000,3126000000,1016300000,280000000,,,280000000,-736300000,,5458400000,3634000000,
TMO,0000097745,2015,13090300000,1609600000,2609500000,262100000,40400000,,999900000,282400000,6539800000,5349800000,805600000,0,,,,,,384400000,-5074000000,
TMO,0000097745,2016,16889600000,2503000000,4187800000,479900000,191700000,,1684800000,427600000,5741200000,4146300000,5826000000,50000000,,,50000000,-5776000000,,-4281100000,-4665500000,
TMO,0000097745,2017,16965000000,2336000000,4024000000,415000000,-44000000,,1688000000,423000000,7021000000,4866000000,786000000,953000000,,,953000000,167000000,,416000000,4697100000,
TMO,0000097745,2018,,2458000000,4216000000,469000000,-1000000,,1758000000,444000000,9421000000,7048000000,1335000000,960000000,,,960000000,-375000000,,78000000,-338000000,
TMO,0000097745,2019,,2960000000,,592000000,201000000,,,508000000,10625000000,6147000000,2103000000,693000000,,17719000000,18412000000,16309000000,,1682000000,1604000000,
TMO,0000097745,2020,,3783000000,,667000000,324000000,,,758000000,11893000000,6197000000,2399000000,,,17076000000,17076000000,14677000000,,3297000000,1615000000,
TMO,0000097745,2021,,4594000000,,676000000,374000000,,,926000000,21957000000,10304000000,10325000000,,,,,,,1328000000,-1969000000,
TMO,0000097745,2022,,7794000000,,553000000,850000000,,,1474000000,20113000000,13436000000,4477000000,,,,,,,2200000000,872000000,
TMO,0000097745,2023,,10028000000,,536000000,1109000000,,,2523000000,25229000000,17010000000,8524000000,,,,,,,-305000000,-2505000000,
TMO,0000097745,2024,,8393000000,,,703000000,,,2243000000,24589000000,14012000000,8077000000,,,,,,,2500000000,2805000000,
ABT,0000001800,2009,,4578545000,5651400000,593142000,863334000,,1072855000,1656207000,14042733000,9103278000,521192000,1827361000,898554000,9487789000,12213704000,11692512000,,1692348000,,
ABT,0000001800,2010,,5693839000,6745567000,528474000,1122070000,,1051728000,1287724000,17042559000,11591908000,2456384000,1691069000,1040906000,8713327000,11445302000,8988918000,,262292000,-1430056000,
ABT,0000001800,2011,,6235741000,7446718000,519656000,1447936000,,1210977000,1089048000,23313891000,13049489000,4112022000,4978438000,211182000,11266294000,16455914000,12343892000,,962760000,700468000,
ABT,0000001800,2012,,6087581000,7295031000,553135000,1086662000,,1207450000,1015075000,22317529000,17262434000,8809339000,4349796000,2044970000,12523517000,18918283000,10108944000,,-10149010000,-11111770000,
ABT,0000001800,2013,,1629000000,3024000000,359000000,110000000,4728000000,1395000000,1491000000,31323000000,13280000000,3648000000,2082000000,309000000,18085000000,20476000000,16828000000,,12004000000,22153010000,0.02273666804464655
ABT,0000001800,2014,,1360000000,2723000000,320000000,-457000000,5963000000,1363000000,1795000000,19247000000,9507000000,6813000000,3164000000,9000000,3388000000,6561000000,-252000000,,-246000000,-12250000000,-0.08300036324010171
ABT,0000001800,2015,,2133000000,3061000000,145000000,53000000,2576000000,928000000,1145000000,13556000000,10467000000,10802000000,4382000000,55000000,3393000000,7830000000,-2972000000,,-12150000000,-11904000000,0.020159756561430202
ABT,0000001800,2016,,2599000000,3517000000,150000000,797000000,2284000000,918000000,1077000000,14155000000,9186000000,3475000000,3127000000,3000000,5871000000,9001000000,5526000000,,-1636000000,10514000000,0.2586822460240182
ABT,0000001800,2017,,2867000000,3738000000,163000000,577000000,4423000000,871000000,1110000000,26776000000,6660000000,4063000000,1322000000,3000000,20681000000,22006000000,17943000000,,14728000000,16364000000,0.1154
ABT,0000001800,2018,20853000000,3026000000,3829000000,431000000,350000000,1400000000,803000000,1121000000,20147000000,8912000000,9407000000,206000000,508000000,27210000000,27924000000,18517000000,,1114000000,-13614000000,0.2
ABT,0000001800,2019,27390000000,1564000000,2610000000,904000000,1878000000,477000000,1046000000,1135000000,14632000000,9012000000,3844000000,200000000,7000000,19359000000,19566000000,15722000000,,1569000000,455000000,0.7974522292993631
ABT,0000001800,2020,30578000000,3650000000,4750000000,826000000,539000000,2368000000,1100000000,1394000000,15667000000,10863000000,3860000000,201000000,1277000000,16661000000,18139000000,14279000000,,-534000000,-2103000000,0.18541451668386652
ABT,0000001800,2021,31904000000,4532000000,5610000000,670000000,390000000,3687000000,1078000000,1638000000,20441000000,11907000000,6838000000,213000000,7000000,18527000000,18747000000,11909000000,,1476000000,2010000000,0.09565857247976453
ABT,0000001800,2022,34608000000,5357000000,6552000000,546000000,497000000,4495000000,1195000000,2177000000,24239000000,13105000000,9799000000,0,754000000,17296000000,18050000000,8251000000,,581000000,-895000000,0.09955929487179487
ABT,0000001800,2023,43075000000,8425000000,9916000000,533000000,1140000000,7071000000,1491000000,1885000000,25224000000,15489000000,9882000000,0,2251000000,14522000000,16773000000,6891000000,,-2398000000,-2979000000,0.13883814395323346
ABT,0000001800,2024,43653000000,8362000000,9616000000,,1373000000,6933000000,1254000000,1777000000,22670000000,13841000000,6896000000,,1080000000,13599000000,14679000000,7783000000,,853000000,3251000000,0.16530219118709366
DHR,0000313616,2009,,1740709000,,109702000,423101000,1369904000,,162071000,4187119000,2745097000,317810000,,66159000,2553170000,2619329000,2301519000,,1058053000,,0.23597312890928915
DHR,0000313616,2010,,1869477000,2208777000,130174000,431676000,1317631000,339300000,193783000,5220628000,2760960000,239108000,,44186000,2889023000,2933209000,2694101000,,2176374000,1118321000,0.24676972080944054
DHR,0000313616,2011,,1439682000,1771482000,118654000,239018000,1151704000,331800000,175438000,6065455000,3320702000,392854000,40761000,,2783907000,2824668000,2431814000,,2311138000,134764000,0.17186612421461658
DHR,0000313616,2012,,2049600000,2437900000,117100000,511400000,1793000000,388300000,191100000,6272400000,4172000000,1721900000,98400000,,5206800000,5305200000,3583300000,,280100000,-2031038000,0.2219232772088179
DHR,0000313616,2013,,2617200000,3252200000,141600000,512500000,2172300000,635000000,334500000,7587800000,4206100000,1633000000,55500000,,5287600000,5343100000,3710100000,,1693200000,1413100000,0.19088945172824792
DHR,0000313616,2014,,3165100000,4004900000,157500000,711500000,2392200000,839800000,458300000,9113700000,4527400000,537000000,62300000,,3436700000,3499000000,2962000000,,3987000000,2293800000,0.22924251699584366
DHR,0000313616,2015,,3120500000,3971100000,141200000,825700000,2695000000,850600000,538100000,9431300000,5396400000,1678700000,71900000,,3401500000,3473400000,1794700000,,2284300000,-1702700000,0.2345272246996336
DHR,0000313616,2016,,2045000000,2763100000,94700000,447500000,2598400000,718100000,465400000,7836700000,6170400000,3115200000,845200000,,12025200000,12870400000,9755200000,,-2294100000,-4578400000,0.14691880889063988
DHR,0000313616,2017,,2162200000,3043000000,139800000,292700000,3357400000,880800000,512900000,6665100000,6874000000,3005600000,2594800000,,9674200000,12269000000,9263400000,,-5809300000,-3515200000,0.0801895838470179
DHR,0000313616,2018,16882400000,2735200000,3863300000,184400000,457900000,2553700000,1128100000,589600000,6850000000,4792300000,790800000,194700000,,10327400000,10522100000,9731300000,,1072200000,6881500000,0.15204542435914464
DHR,0000313616,2019,,2572300000,3689200000,140100000,371000000,2492100000,1116900000,570700000,7093800000,4841500000,963700000,51800000,,9688500000,9740300000,8776600000,,1236800000,164600000,0.12957982606265936
DHR,0000313616,2020,,3055000000,4233000000,137000000,556000000,2651000000,1178000000,584000000,25596000000,4932000000,,212000000,,21517000000,21729000000,,,20452000000,19215200000,0.173370751481135
DHR,0000313616,2021,,3269000000,4458000000,108000000,873000000,3008000000,1189000000,636000000,13802000000,7402000000,,11000000,,21193000000,21204000000,,,6389000000,-14063000000,0.22494202525122392
DHR,0000313616,2022,,4231000000,6006000000,275000000,849000000,3646000000,1775000000,791000000,11648000000,8140000000,,8000000,,22168000000,22176000000,,,3500000000,-2889000000,0.18887652947719688
DHR,0000313616,2023,,6377000000,8439000000,231000000,1064000000,6433000000,2062000000,1240000000,15883000000,8389000000,,591000000,,19086000000,19677000000,,,6903000000,3403000000,0.1419234360410831
DHR,0000313616,2024,,7536000000,,,818000000,7209000000,,1118000000,13937000000,8274000000,,1695000000,,16707000000,18402000000,,,3968000000,-2935000000,0.10190606702379469
AMGN,0000318154,2009,14771000000,3980000000,5182000000,496000000,715000000,3078000000,1202000000,1267000000,15221000000,4886000000,1283000000,,,,,,,9052000000,,0.18850514104930136
AMGN,0000318154,2010,15003000000,5214000000,6287000000,551000000,963000000,4052000000,1073000000,672000000,18932000000,3873000000,2024000000,,,10601000000,10601000000,8577000000,,13035000000,3983000000,0.19202392821535394
AMGN,0000318154,2011,14642000000,5506000000,6555000000,578000000,599000000,4605000000,1049000000,530000000,23129000000,6570000000,1774000000,,,,,,,14785000000,1750000000,0.11510376633358954
AMGN,0000318154,2012,15053000000,5545000000,6562000000,604000000,690000000,4627000000,1017000000,580000000,27593000000,5754000000,2884000000,,,,,,,18955000000,4170000000,0.1297724280609366
AMGN,0000318154,2013,15582000000,4312000000,5372000000,610000000,467000000,3683000000,1060000000,567000000,31209000000,8191000000,3287000000,,,,,,,19731000000,776000000,0.11253012048192772
AMGN,0000318154,2014,17265000000,5577000000,6665000000,1053000000,664000000,4345000000,1088000000,689000000,27367000000,7947000000,6946000000,,2505000000,29623000000,32128000000,25182000000,,9969000000,-9762000000,0.13256138949890198
AMGN,0000318154,2015,18676000000,5867000000,7153000000,1022000000,184000000,5081000000,1286000000,693000000,34713000000,7008000000,3257000000,,500000000,30215000000,30715000000,27458000000,,23948000000,13979000000,0.03494776828110161
AMGN,0000318154,2016,20063000000,6191000000,8283000000,1071000000,427000000,5158000000,2092000000,718000000,38515000000,8664000000,3805000000,,2247000000,29182000000,31429000000,27624000000,,23799000000,-149000000,0.07645478961504029
AMGN,0000318154,2017,21662000000,8470000000,10578000000,1095000000,1039000000,6939000000,2108000000,594000000,46010000000,11204000000,3731000000,,4403000000,30193000000,34596000000,30865000000,,26672000000,2873000000,0.13023314113812987
AMGN,0000318154,2018,22991000000,9794000000,11899000000,1260000000,1441000000,7722000000,2105000000,738000000,49476000000,9020000000,4144000000,,1152000000,34190000000,35342000000,31198000000,,35160000000,8488000000,0.15726290516206481
AMGN,0000318154,2019,22849000000,9973000000,11928000000,1304000000,7618000000,1979000000,1955000000,664000000,37618000000,13488000000,6945000000,,4419000000,29510000000,33929000000,26984000000,,12766000000,-22394000000,0.7937897259560279
AMGN,0000318154,2020,23747000000,10263000000,12209000000,1392000000,1151000000,8394000000,1946000000,738000000,18440000000,12835000000,6037000000,,2953000000,26950000000,29903000000,23866000000,,-3385000000,-16151000000,0.12058669460450498
AMGN,0000318154,2021,,9674000000,11880000000,1289000000,1296000000,7842000000,2206000000,618000000,21144000000,11653000000,6266000000,,91000000,32895000000,32986000000,26720000000,,3134000000,6519000000,0.14182534471437952
AMGN,0000318154,2022,,9139000000,12740000000,1262000000,869000000,7264000000,3601000000,608000000,19385000000,12184000000,7989000000,,87000000,33222000000,33309000000,25320000000,,-875000000,-4009000000,0.10684864133775974
AMGN,0000318154,2023,,7639000000,11037000000,1197000000,808000000,5893000000,3398000000,880000000,22186000000,15687000000,7629000000,,1591000000,37354000000,38945000000,31316000000,,-2721000000,-1846000000,0.12057901805700642
AMGN,0000318154,2024,,9566000000,12983000000,1406000000,794000000,6552000000,3417000000,936000000,30332000000,18392000000,10944000000,,1443000000,63170000000,64613000000,53669000000,,-447000000,2274000000,0.1080860332153553
CVS,0000064803,2009,76330000000,4794000000,,,1722000000,2637000000,,1805000000,16526000000,13490000000,530000000,3044000000,653000000,8057000000,11754000000,11224000000,,-1191000000,,0.39504473503097043
CVS,0000064803,2010,87472000000,6046000000,,530000000,2193000000,3198000000,,2180000000,17537000000,12300000000,1056000000,315000000,2104000000,8756000000,11175000000,10119000000,,1762000000,2953000000,0.4067890929326656
CVS,0000064803,2011,98215000000,6425000000,,530000000,2200000000,,,2548000000,17706000000,11070000000,1352000000,300000000,1105000000,8652000000,10057000000,8705000000,,3879000000,2117000000,
CVS,0000064803,2012,95778000000,6137000000,,539000000,2179000000,,,2005000000,18594000000,11956000000,1086000000,750000000,56000000,9208000000,10014000000,8928000000,,4746000000,867000000,
CVS,0000064803,2013,107080000000,6331000000,,588000000,2258000000,,,1872000000,20161000000,14150000000,1427000000,690000000,5000000,9133000000,9828000000,8401000000,,3889000000,-857000000,
CVS,0000064803,2014,123120000000,7210000000,,561000000,2436000000,,,2030000000,25325000000,15425000000,1413000000,0,561000000,12841000000,13402000000,11989000000,,7926000000,4037000000,
CVS,0000064803,2015,126761000000,8037000000,,517000000,2928000000,,,1984000000,25983000000,19027000000,1375000000,685000000,575000000,11630000000,12890000000,11515000000,,4321000000,-3605000000,
CVS,0000064803,2016,139367000000,8799000000,,615000000,3033000000,4644000000,,2136000000,29158000000,23169000000,4089000000,0,1197000000,26267000000,27464000000,23375000000,,703000000,-3618000000,0.3950762016412661
CVS,0000064803,2017,153290000000,9475000000,11567000000,859000000,3386000000,5237000000,2092000000,2367000000,31042000000,26250000000,2481000000,1874000000,42000000,25615000000,27531000000,25050000000,,395000000,-308000000,0.392670764235185
CVS,0000064803,2018,177546000000,10386000000,12861000000,1078000000,3317000000,5317000000,2475000000,2224000000,31229000000,30648000000,3371000000,1276000000,3545000000,22181000000,27002000000,23631000000,,-7611000000,-8006000000,0.38417882788973823
CVS,0000064803,2019,184786000000,9538000000,12017000000,1062000000,1637000000,6622000000,2479000000,1918000000,45243000000,44009000000,1696000000,720000000,1265000000,71444000000,73429000000,71733000000,,-2447000000,5164000000,0.19820801549824435
CVS,0000064803,2020,194579000000,4021000000,6739000000,2619000000,2002000000,-594000000,2718000000,2037000000,50302000000,53303000000,4059000000,,,,,,,-7060000000,-4613000000,1.421875
CVS,0000064803,2021,256776000000,11987000000,16358000000,3035000000,2366000000,6634000000,4371000000,2457000000,56369000000,62017000000,5683000000,,,,,,,-11331000000,-4271000000,0.2628888888888889
CVS,0000064803,2022,268706000000,13911000000,18352000000,2907000000,2569000000,7179000000,4441000000,2437000000,60008000000,67807000000,7854000000,,,,,,,-15653000000,-4322000000,0.2635412392285597
CVS,0000064803,2023,292111000000,13310000000,17796000000,2503000000,2548000000,8001000000,4486000000,2520000000,65633000000,69421000000,9408000000,0,,,,,,-13196000000,2457000000,0.24153948241539483
CVS,0000064803,2024,322467000000,7954000000,12178000000,,1509000000,4311000000,4224000000,2727000000,67858000000,79189000000,12945000000,200000000,,,200000000,-12745000000,,-24476000000,-11280000000,0.25927835051546394
BMY,0000014272,2009,,,,,471000000,2165000000,,843000000,14697000000,6710000000,2018000000,154000000,,6585000000,6739000000,4721000000,,5815000000,,0.17867981790591805
BMY,0000014272,2010,,,,310000000,1090000000,5247000000,,941000000,13958000000,6313000000,1801000000,231000000,,6130000000,6361000000,4560000000,,5613000000,-202000000,0.17200568092157173
BMY,0000014272,2011,,,,184000000,1182000000,10612000000,,730000000,13273000000,6739000000,7976000000,117000000,,5328000000,5445000000,-2531000000,,-1559000000,-7172000000,0.10022045107681872
BMY,0000014272,2012,,,,145000000,1558000000,3102000000,607000000,424000000,15318000000,7780000000,7683000000,115000000,,5376000000,5491000000,-2192000000,,-260000000,1299000000,0.33433476394849787
BMY,0000014272,2013,,,,145000000,1721000000,3709000000,628000000,367000000,9521000000,8279000000,5033000000,,,6568000000,6568000000,1535000000,,-3791000000,-3531000000,0.3169429097605893
BMY,0000014272,2014,,,,182000000,-161000000,1960000000,681000000,548000000,18916000000,12440000000,5776000000,359000000,,7981000000,8340000000,2564000000,,341000000,4132000000,-0.08949416342412451
BMY,0000014272,2015,,,,199000000,311000000,2563000000,763000000,537000000,14608000000,8461000000,1656000000,590000000,,7367000000,7957000000,6301000000,,3901000000,3560000000,0.1082115518441197
BMY,0000014272,2016,,,,203000000,352000000,2004000000,467000000,526000000,10415000000,8017000000,3586000000,139000000,749000000,6550000000,7438000000,3852000000,,-2076000000,-5977000000,0.1494057724957555
BMY,0000014272,2017,,,,184000000,446000000,1565000000,376000000,820000000,13704000000,8841000000,5571000000,109000000,749000000,5716000000,6574000000,1003000000,,-1566000000,510000000,0.22178020885131774
BMY,0000014272,2018,19427000000,,,167000000,1408000000,4457000000,382000000,1215000000,14854000000,9563000000,2385000000,987000000,0,6975000000,7962000000,5577000000,,1919000000,3485000000,0.24006820119352087
BMY,0000014272,2019,20776000000,,,196000000,4156000000,1007000000,789000000,1055000000,17716000000,10654000000,5342000000,1703000000,1249000000,5646000000,8598000000,3256000000,,-1232000000,-3151000000,0.8049583575440635
BMY,0000014272,2020,22561000000,,,183000000,1021000000,4920000000,637000000,951000000,29354000000,18304000000,7335000000,3346000000,2763000000,43387000000,49496000000,42161000000,,-2394000000,-1162000000,0.171856589799697
BMY,0000014272,2021,26145000000,4975000000,6721000000,656000000,1515000000,3439000000,1746000000,836000000,30192000000,19080000000,14546000000,2340000000,2000000000,48336000000,52676000000,38130000000,,-7774000000,-5380000000,0.3058134840532903
BMY,0000014272,2022,42518000000,-6871000000,3509000000,1420000000,2124000000,-9015000000,10380000000,753000000,33262000000,21868000000,13979000000,4948000000,4764000000,39605000000,49317000000,35338000000,,-12297000000,-4523000000,
BMY,0000014272,2023,46385000000,8098000000,18784000000,1334000000,1084000000,6994000000,10686000000,973000000,27273000000,21890000000,9123000000,4264000000,3897000000,35056000000,43217000000,34094000000,,-11901000000,396000000,0.13419163159197822
BMY,0000014272,2024,46159000000,7713000000,17989000000,,1368000000,6327000000,10276000000,1118000000,31770000000,22262000000,11464000000,3119000000,2873000000,36653000000,42645000000,31181000000,,-7948000000,3953000000,0.17777777777777778
GILD,0000882095,2009,4230045000,2164507000,2201395000,63181000,635355000,1584902000,36888000,,4278408000,1220992000,816007000,5631000,,,5631000,-810376000,,2235778000,,0.2861628180881763
GILD,0000882095,2010,5335750000,2678541000,2730263000,65244000,702363000,1978899000,51722000,,4812558000,1871631000,968086000,5587000,,,5587000,-962499000,,1967254000,-268524000,0.2619523940592154
GILD,0000882095,2011,7011383000,3529221000,3593781000,69662000,876364000,2635755000,64560000,,5708082000,2464950000,1459302000,646345000,,,646345000,-812957000,,1137485000,-829769000,0.24952571367883605
GILD,0000882095,2012,7949420000,3962222000,4029462000,108961000,1023799000,2901257000,67240000,,13918785000,2514790000,1272958000,1572000,0,7605734000,7607306000,6334348000,,10129465000,8991980000,0.260836788061113
GILD,0000882095,2013,,3789841000,3862028000,205418000,861945000,2803637000,72187000,134000000,6156347000,4237897000,907879000,1169490000,1169433000,7054555000,9393478000,8485599000,,-1328352000,-11457817000,0.23514546939612863
GILD,0000882095,2014,,4010000000,4093000000,361000000,1038000000,2592000000,83000000,,6997000000,6407000000,9884000000,2697000000,2697000000,3939000000,9333000000,-551000000,,-14688000000,-13359648000,0.2859504132231405
GILD,0000882095,2015,,4524000000,4627000000,307000000,1151000000,3075000000,103000000,,17714000000,5761000000,1804000000,483000000,483000000,11921000000,12887000000,11083000000,,9183000000,23871000000,0.2723615712257454
GILD,0000882095,2016,,15265000000,15390000000,412000000,2797000000,12101000000,125000000,,24762000000,9890000000,2113000000,982000000,982000000,21073000000,23037000000,20924000000,,10795000000,1612000000,0.18774332125117466
GILD,0000882095,2017,,22193000000,22354000000,688000000,3553000000,18108000000,161000000,,19588000000,9218000000,10027000000,0,0,26346000000,26346000000,16319000000,,343000000,-10452000000,0.1640275148885093
GILD,0000882095,2018,30390000000,17633000000,17810000000,964000000,3609000000,13501000000,177000000,,31823000000,11635000000,12851000000,2747000000,2747000000,30795000000,36289000000,23438000000,,1843000000,1500000000,0.21092928112215079
GILD,0000882095,2019,26107000000,14124000000,14357000000,1118000000,8885000000,4628000000,233000000,,35836000000,10605000000,17940000000,2748000000,2748000000,24574000000,30070000000,12130000000,,1795000000,-48000000,0.6575149855694516
GILD,0000882095,2020,22127000000,8200000000,8426000000,1077000000,2339000000,5455000000,226000000,924000000,30296000000,9759000000,11631000000,2499000000,2499000000,22094000000,27092000000,15461000000,,3908000000,2113000000,0.30010264305876316
GILD,0000882095,2021,,4287000000,4542000000,995000000,-204000000,5386000000,255000000,825000000,15996000000,11397000000,5997000000,2757000000,2757000000,28645000000,34159000000,28162000000,,-6912000000,-10820000000,-0.03936703975299112
GILD,0000882095,2022,,4071000000,4359000000,984000000,1580000000,123000000,288000000,650000000,14772000000,11610000000,5338000000,1516000000,1516000000,25179000000,28211000000,22873000000,,-5208000000,1704000000,0.9277745155607751
GILD,0000882095,2023,,9918000000,10247000000,1001000000,2077000000,6225000000,329000000,579000000,14443000000,11237000000,,2273000000,2273000000,22957000000,27503000000,,,-1340000000,3868000000,0.25018067935437244
GILD,0000882095,2024,,7330000000,7653000000,,1248000000,4592000000,323000000,728000000,16085000000,11280000000,,1798000000,1798000000,23189000000,26785000000,,,1209000000,2549000000,0.2136986301369863
CI,0001739940,2018,39838000000,3088000000,3698000000,251000000,1136000000,1843000000,610000000,461000000,9311000000,11009000000,1968000000,240000000,131000000,5199000000,5570000000,3602000000,,-4037000000,,0.38133601879825446
CI,0001739940,2019,41806000000,3942000000,4508000000,243000000,1374000000,2232000000,566000000,471000000,20430000000,31895000000,3855000000,2955000000,,39523000000,42478000000,38623000000,,-18275000000,-14238000000,0.3810316139767055
CI,0001739940,2020,48650000000,4160000000,4855000000,507000000,935000000,2646000000,695000000,,29845000000,40138000000,4619000000,5514000000,,31893000000,37407000000,32788000000,,-20426000000,-2151000000,0.26110025132644515
CI,0001739940,2021,153566000000,8077000000,11728000000,1600000000,1450000000,5120000000,3651000000,,27799000000,36022000000,10182000000,3374000000,,29545000000,32919000000,22737000000,,-21779000000,-1353000000,0.2207001522070015
CI,0001739940,2022,160401000000,8153000000,10955000000,1400000000,2379000000,8489000000,2802000000,,36134000000,43572000000,5081000000,2545000000,,31125000000,33670000000,28589000000,,-15064000000,6715000000,0.21889952153110048
CI,0001739940,2023,174069000000,7941000000,10864000000,1300000000,1370000000,5420000000,2923000000,,30122000000,41225000000,5924000000,2993000000,,28100000000,31093000000,25169000000,,-20020000000,-4956000000,0.20176730486008837
CI,0001739940,2024,180518000000,8450000000,11387000000,1300000000,1615000000,6782000000,2937000000,,37351000000,48716000000,7822000000,2775000000,,28155000000,30930000000,23108000000,,-21962000000,-1942000000,0.19233059425985471
ISRG,0001035267,2009,,206742000,217753000,,92697000,144537000,11011000,,703890000,164516000,34390000,,,,,,,504984000,,0.3907407875768229
ISRG,0001035267,2010,,310800000,325400000,,130900000,204300000,14600000,,847100000,202800000,122800000,,,,,,,521500000,16516000,0.39051312649164677
ISRG,0001035267,2011,,377400000,396400000,,163500000,232600000,19000000,,1275800000,273800000,194600000,,,,,,,807400000,285900000,0.41277455188083817
ISRG,0001035267,2012,,555200000,578900000,,190500000,381800000,23700000,,1466300000,320600000,221400000,,,,,,,924300000,116900000,0.33286737724969423
ISRG,0001035267,2013,,694800000,723500000,,214600000,495100000,28700000,,1892800000,401600000,279800000,,,,,,,1211400000,287100000,0.3023812878681133
ISRG,0001035267,2014,,878100000,912800000,,237300000,656600000,34700000,,1932400000,380900000,465800000,,,,,,,1085700000,-125700000,0.2654659357870008
ISRG,0001035267,2015,,852500000,898500000,,199900000,671000000,46000000,,1811900000,501200000,553700000,,,,,,,757000000,-328700000,0.22953266735560915
ISRG,0001035267,2016,,544800000,596800000,,130200000,418800000,52000000,,2195500000,491900000,782100000,,,,,,,921500000,164500000,0.2371584699453552
ISRG,0001035267,2017,,740000000,801100000,,169700000,588800000,61100000,,3250400000,596500000,600300000,,,,,,,2053600000,1132100000,0.22373104812129202
ISRG,0001035267,2018,2706500000,949700000,1020400000,,247000000,738300000,70700000,,2808900000,662800000,648200000,,,,,,,1497900000,-555700000,0.2506850705368923
ISRG,0001035267,2019,3138200000,1062900000,1145000000,,433900000,670900000,82100000,,4333200000,820600000,857900000,,,,,,,2654700000,1156800000,0.3927407675597393
ISRG,0001035267,2020,3724200000,1199400000,1305300000,,154500000,1127900000,105900000,21700000,4662600000,1030200000,1167600000,,,,,,,2464800000,-189900000,0.1204772301933874
ISRG,0001035267,2021,4478500000,1374500000,1531500000,,120400000,1379300000,157000000,30200000,6625900000,965200000,1622600000,,,,,,,4038100000,1573300000,0.08028272321130893
ISRG,0001035267,2022,4358400000,1049800000,1270800000,,140200000,1060600000,221000000,47300000,5844900000,1149800000,1290900000,,,,,,,3404200000,-633900000,0.11675549633577614
ISRG,0001035267,2023,5710100000,1821000000,2101000000,,162200000,1704600000,280000000,32100000,6253000000,1422100000,1581200000,,,,,,,3249700000,-154500000,0.08688665095350333
ISRG,0001035267,2024,6222200000,1577100000,1903100000,,262400000,1322300000,326000000,73400000,7888000000,1658700000,2750100000,,,,,,,3479200000,229500000,0.16558339117814097
VRTX,0000875320,2010,175504000,-462708000,-430512000,13471000,0,,32196000,32180000,1307026000,284883000,355663000,,,,,,,666480000,,
VRTX,0000875320,2011,101889000,-614012000,-583905000,13192000,24448000,-642178000,30107000,23496000,1057039000,474783000,389115000,,,,,,,193141000,-473339000,
VRTX,0000875320,2012,143370000,-696077000,-665618000,19275000,0,-754626000,30459000,38054000,1331254000,392348000,446658000,,,,,,,492248000,299107000,
VRTX,0000875320,2013,1410626000,113820000,148861000,-150000,19266000,29574000,35041000,34595000,1589585000,432624000,243197000,,,,,,,913764000,421516000,0.3944717444717445
VRTX,0000875320,2014,1527042000,46727000,84918000,,-275000,-107032000,38191000,71140000,1588576000,397829000,475320000,,,,,,,715427000,-198337000,
VRTX,0000875320,2015,1211975000,-610008000,-561643000,,-122422000,-445028000,48365000,51393000,1546511000,368254000,489407000,,,,,,,688850000,-26577000,
VRTX,0000875320,2016,580415000,-692412000,-629155000,,6958000,-738555000,63257000,51201000,1407153000,506167000,569299000,,,,,,,331687000,-357163000,
VRTX,0000875320,2017,1032336000,-466879000,-404536000,,30381000,-556334000,62343000,45302000,1831540000,792537000,625259000,,,,,,,413744000,82057000,
VRTX,0000875320,2018,,9936000,71334000,,16665000,-112052000,61398000,56563000,2648963000,807260000,714768000,,,,,,,1126935000,713191000,
VRTX,0000875320,2019,,123243000,184640000,69298000,-107324000,263484000,61397000,99421000,3843109000,1120292000,1183945000,,,,,,,1538872000,411937000,-0.6872694672131148
VRTX,0000875320,2020,,635150000,707570000,72471000,-1486862000,2096896000,72420000,95449000,4822829000,1334827000,1665412000,,,,,,,1822590000,283718000,-2.437342836628778
VRTX,0000875320,2021,,1197500000,1304400000,,218100000,1176800000,106900000,75400000,8133400000,1877500000,2650100000,,,,,,,3605800000,1783210000,0.15635529428632877
VRTX,0000875320,2022,,2856300000,2965800000,,405200000,2711700000,109500000,259800000,9560600000,2142000000,3109300000,,,,,,,4309300000,703500000,0.1300009624947865
VRTX,0000875320,2023,,2782100000,2907700000,,388300000,2342100000,125600000,235000000,13234800000,2742100000,5988200000,,,,,,,4504500000,195200000,0.1422135950776443
VRTX,0000875320,2024,,4307400000,4455700000,,910400000,3322000000,148300000,204700000,14144200000,3547400000,6795000000,,,,,,,3801800000,-702700000,0.21510254229278897
ELV,0001156039,2009,61167900000,,,447900000,1912500000,3345400000,120200000,322000000,12130000000,15020300000,2602100000,98000000,909700000,7833900000,8841600000,6239500000,,-6500100000,,0.36373837463626163
ELV,0001156039,2010,61251100000,4347800000,4453200000,469800000,631700000,2490700000,105400000,345600000,28070700000,14673700000,2767900000,100000000,60800000,8338300000,8499100000,5731200000,,10468300000,16968400000,0.20231232385344608
ELV,0001156039,2011,64939500000,4179400000,4286500000,447400000,2657100000,4745900000,107100000,378400000,26140800000,14009500000,2183900000,100000000,705900000,8147800000,8953700000,6769800000,,9141500000,-1326800000,0.3589220586248818
ELV,0001156039,2012,58698500000,4077500000,4180600000,418900000,1466700000,2887100000,103100000,451400000,27097400000,15898700000,4816100000,100000000,1274500000,8465700000,9840200000,5024100000,,5008100000,-4133400000,0.3368781294501355
ELV,0001156039,2013,60710700000,3782100000,3877800000,430300000,1311200000,2646700000,95700000,519500000,29347500000,15995000000,2201600000,250000000,557100000,14170800000,14977900000,12776300000,,10343800000,5335700000,0.3312867935016044
ELV,0001156039,2015,71023500000,4001400000,4109300000,602700000,1205900000,2489700000,107900000,646500000,31947800000,18752700000,1582100000,400000000,624300000,14019600000,15043900000,13461800000,,10588700000,244900000,0.3263069596276653
ELV,0001156039,2016,73874100000,4418400000,4524900000,600700000,1808000000,2569700000,106500000,714600000,30862100000,19092600000,2151700000,540000000,0,15324500000,15864500000,13712800000,,9077800000,-1510900000,0.41300226146149804
ELV,0001156039,2017,79156500000,4753100000,4858900000,653000000,2071000000,2560000000,105800000,638200000,34314900000,21294400000,2151700000,440000000,928400000,14358500000,15726900000,13575200000,,9500400000,422600000,0.44720362772619304
ELV,0001156039,2018,84863000000,4801000000,4905000000,723000000,2085000000,2470000000,104000000,584000000,36263000000,23356000000,2113000000,1275000000,1275000000,17382000000,19932000000,17819000000,,8244000000,-1256400000,0.45773874862788144
ELV,0001156039,2019,90040000000,4175000000,4286000000,739000000,121000000,3843000000,111000000,791000000,34321000000,21965000000,4075000000,1145000000,849000000,17217000000,19211000000,15136000000,,6287000000,-1957000000,0.030524722502522705
ELV,0001156039,2020,92105000000,5426000000,5550000000,753000000,1318000000,3750000000,124000000,1208000000,39033000000,23532000000,3609000000,700000000,1598000000,17787000000,20085000000,16476000000,,9594000000,3307000000,0.2600631412786109
ELV,0001156039,2021,104213000000,5999000000,6146000000,746000000,1178000000,4807000000,147000000,1077000000,45751000000,29453000000,3934000000,0,700000000,19335000000,20035000000,16101000000,,11664000000,2070000000,0.19682539682539682
ELV,0001156039,2022,121867000000,6360000000,6536000000,784000000,1666000000,4572000000,176000000,1021000000,51122000000,34885000000,4880000000,275000000,1599000000,21157000000,23031000000,18151000000,,9483000000,-2181000000,0.2670727797370952
ELV,0001156039,2023,138639000000,7559000000,7695000000,798000000,1846000000,6158000000,136000000,1087000000,55617000000,39696000000,7387000000,265000000,1500000000,22349000000,24114000000,16727000000,,6769000000,-2714000000,0.23063468265867065
ELV,0001156039,2024,156595000000,8283000000,8406000000,,1712000000,5894000000,123000000,1152000000,60029000000,41791000000,6526000000,225000000,1649000000,23246000000,25120000000,18594000000,,9838000000,3069000000,0.2250854588482777
ZTS,0001555280,2013,,394000000,599000000,36000000,146000000,245000000,205000000,135000000,2864000000,1123000000,63000000,,,0,,,,1678000000,,0.3734015345268542
ZTS,0001555280,2015,,690000000,899000000,113000000,187000000,504000000,209000000,184000000,3465000000,1086000000,317000000,,0,3624000000,3624000000,3307000000,,2062000000,384000000,0.2706222865412446
ZTS,0001555280,2016,,820000000,1024000000,117000000,233000000,583000000,204000000,180000000,3830000000,1781000000,610000000,,400000000,4463000000,4863000000,4253000000,,1039000000,-1023000000,0.2855392156862745
ZTS,0001555280,2017,,545000000,744000000,124000000,206000000,339000000,199000000,224000000,3390000000,1117000000,882000000,,0,4468000000,4468000000,3586000000,,1391000000,352000000,0.3779816513761468
ZTS,0001555280,2018,4888000000,1228000000,1468000000,166000000,409000000,821000000,240000000,216000000,4217000000,1094000000,,9000000,0,4953000000,4962000000,,,3114000000,1723000000,0.33252032520325203
ZTS,0001555280,2019,5307000000,1525000000,1767000000,175000000,663000000,864000000,242000000,224000000,4399000000,1223000000,,9000000,0,6443000000,6452000000,,,3167000000,53000000,0.43418467583497056
ZTS,0001555280,2020,5825000000,1690000000,1998000000,206000000,266000000,1428000000,308000000,338000000,4748000000,1806000000,,0,500000000,5947000000,6447000000,,,2442000000,-725000000,0.15702479338842976
ZTS,0001555280,2021,6260000000,1801000000,2213000000,223000000,301000000,1500000000,412000000,460000000,6611000000,2170000000,,4000000,600000000,6595000000,7199000000,,,3837000000,1395000000,0.167129372570794
ZTS,0001555280,2022,6675000000,1996000000,2437000000,231000000,360000000,1638000000,441000000,453000000,6930000000,1797000000,,0,0,6592000000,6592000000,,,5133000000,1296000000,0.18018018018018017
ZTS,0001555280,2023,7776000000,2488000000,2936000000,224000000,454000000,2037000000,448000000,477000000,7506000000,3167000000,,2000000,1350000000,6552000000,7904000000,,,2987000000,-2146000000,0.18225612203934163
ZTS,0001555280,2024,8080000000,2656000000,3121000000,221000000,545000000,2114000000,465000000,586000000,6343000000,1889000000,,3000000,0,6564000000,6567000000,,,4451000000,1464000000,0.20496427228281308
REGN,0000872589,2010,238457000,-86249000,-74962000,7752000,2351000,-79129000,11287000,,425508000,93575000,498925000,,,,,,,-166992000,,
REGN,0000872589,2011,379268000,-74103000,-59903000,2337000,-4122000,-67830000,14200000,,357622000,109056000,247796000,,,,,,,770000,167762000,
REGN,0000872589,2012,459074000,-97472000,-77785000,9118000,-1132000,-104468000,19687000,,665777000,148271000,207075000,,,,,,,310431000,309661000,
REGN,0000872589,2013,445824000,-205159000,-174077000,21282000,-1132000,-221760000,31082000,,1206012000,163550000,112572000,,,,,,,929890000,619459000,
REGN,0000872589,2014,1378477000,457713000,494653000,45304000,-335848000,750269000,36940000,,1796934000,298835000,483610000,,,,,,,1014489000,84599000,-0.8104029477270698
REGN,0000872589,2015,2104745000,743050000,784254000,46437000,282644000,413738000,41204000,,2084759000,654660000,230276000,,,,,,,1199823000,185334000,0.4058749364572892
REGN,0000872589,2016,2819557000,823919000,876605000,,423109000,338126000,52686000,,2915095000,811162000,535608000,,,,,,,1568325000,368502000,0.5558191622823438
REGN,0000872589,2017,4103728000,1251916000,1326825000,,589041000,636056000,74909000,,3180188000,1241495000,648719000,,,,,,,1289974000,-278351000,0.48081172347985507
REGN,0000872589,2018,,1330700000,1435400000,7200000,434300000,895500000,104700000,,4335000000,1135500000,535200000,,,,,,,2664300000,1374326000,0.3265904647315386
REGN,0000872589,2019,,2079600000,2225100000,25100000,880000000,1198500000,145500000,,6447600000,1442800000,812700000,,,,,,,4192100000,1527800000,0.4233822468126052
REGN,0000872589,2020,,2534400000,2682600000,28200000,109100000,2444400000,148200000,54500000,7689100000,2096600000,1467700000,,,0,,,,4124800000,-67300000,0.042725670648130015
REGN,0000872589,2021,,2209800000,2420100000,30200000,313300000,2115800000,210300000,133700000,9779100000,2697400000,1617800000,,,1978500000,1978500000,360700000,,5463900000,1339100000,0.12897781071178627
REGN,0000872589,2022,,3576600000,3812500000,56900000,297200000,3513200000,235900000,83600000,14014900000,3932500000,2193700000,,,1980000000,1980000000,-213700000,,7888700000,2424800000,0.0779970606760445
REGN,0000872589,2023,,8946800000,9233000000,57300000,1250500000,8075300000,286200000,74800000,15884100000,3141300000,2885600000,,,1981400000,1981400000,-904200000,,9857200000,1968500000,0.13409037294387613
REGN,0000872589,2024,,4738900000,5080300000,,520400000,4338400000,341400000,70800000,19479200000,3423400000,3105900000,,,1982900000,1982900000,-1123000000,,12949900000,3092700000,0.10710463488927308
HCA,0000860730,2011,,,,1987000000,627000000,1054000000,1425000000,1317000000,6919000000,4269000000,465000000,,592000000,27633000000,28225000000,27760000000,,1593000000,,0.3729922665080309
HCA,0000860730,2012,,,,2097000000,658000000,1207000000,1421000000,1325000000,7233000000,5554000000,312000000,,1407000000,25645000000,27052000000,26740000000,,-40000000,-1633000000,0.35281501340482574
HCA,0000860730,2013,,,,2037000000,719000000,2465000000,1465000000,1679000000,7763000000,6172000000,411000000,,1435000000,27495000000,28930000000,28519000000,,-255000000,-215000000,0.22581658291457288
HCA,0000860730,2014,,,,1798000000,888000000,1605000000,1679000000,1862000000,8037000000,5695000000,373000000,,786000000,27590000000,28376000000,28003000000,,1183000000,1438000000,0.3561973525872443
HCA,0000860730,2015,,2946000000,4699000000,1848000000,950000000,1556000000,1753000000,1943000000,8930000000,5480000000,705000000,,338000000,29088000000,29426000000,28721000000,,2407000000,1224000000,0.3790901835594573
HCA,0000860730,2016,,3481000000,5301000000,1743000000,1108000000,1875000000,1820000000,2176000000,9232000000,5516000000,414000000,,233000000,30255000000,30488000000,30074000000,,3069000000,662000000,0.3714381495139122
HCA,0000860730,2017,,3957000000,5861000000,1665000000,1261000000,2129000000,1904000000,2375000000,9086000000,5834000000,566000000,,216000000,31160000000,31376000000,30810000000,,2470000000,-599000000,0.371976401179941
HCA,0000860730,2018,,4810000000,6776000000,1707000000,1378000000,2890000000,1966000000,2760000000,9977000000,6158000000,732000000,,200000000,32858000000,33058000000,32326000000,,2887000000,417000000,0.32286785379568883
HCA,0000860730,2019,,4381000000,6512000000,1690000000,1638000000,2216000000,2131000000,3015000000,10213000000,7569000000,502000000,,788000000,32033000000,32821000000,32319000000,,1354000000,-1533000000,0.42501297353399065
HCA,0000860730,2020,,5335000000,7613000000,1755000000,946000000,3787000000,2278000000,3573000000,11196000000,7757000000,621000000,,145000000,33577000000,33722000000,33101000000,,2673000000,1319000000,0.19987323050919079
HCA,0000860730,2021,51336000000,5244000000,7840000000,1824000000,1099000000,3505000000,2596000000,4158000000,12333000000,8704000000,1793000000,,209000000,30795000000,31004000000,29211000000,,1627000000,-1046000000,0.23870547350130322
HCA,0000860730,2022,51533000000,5430000000,8151000000,1584000000,1043000000,3754000000,2721000000,2835000000,13542000000,9582000000,1451000000,,237000000,34342000000,34579000000,33128000000,,2272000000,645000000,0.21742755889097354
HCA,0000860730,2023,58752000000,9833000000,12686000000,1566000000,2112000000,6956000000,2853000000,3577000000,13643000000,9902000000,908000000,,370000000,37714000000,38084000000,37176000000,,2463000000,191000000,0.2329069254521394
HCA,0000860730,2024,60233000000,8580000000,11549000000,1741000000,1746000000,5643000000,2969000000,4395000000,14927000000,12655000000,935000000,,2424000000,37169000000,39593000000,38658000000,,-1087000000,-3550000000,0.23629719853836784
WMT,0000104169,2009,377023000000,21952000000,,1863000000,6889000000,12731000000,,14937000000,48949000000,55390000000,7275000000,1506000000,5848000000,31349000000,38703000000,31428000000,,-21070000000,,0.35112130479102954
WMT,0000104169,2010,404254000000,22767000000,,1896000000,-7133000000,13381000000,,11499000000,48032000000,55543000000,7907000000,523000000,4050000000,33231000000,37804000000,29897000000,,-19991000000,1079000000,-1.1416453265044815
WMT,0000104169,2011,408085000000,24002000000,,1787000000,7156000000,14370000000,,12184000000,52012000000,58603000000,7275000000,1031000000,4655000000,40692000000,46378000000,39103000000,,-19552000000,439000000,0.33243519464833227
WMT,0000104169,2012,421849000000,25542000000,33183000000,1928000000,7579000000,16389000000,7641000000,12699000000,54975000000,62300000000,7907000000,4047000000,1975000000,44070000000,50092000000,42185000000,,-21254000000,-1702000000,0.31621328437917223
WMT,0000104169,2013,446509000000,26491000000,34621000000,2034000000,7924000000,15699000000,8130000000,13510000000,59940000000,71818000000,7395000000,6805000000,5587000000,38394000000,50786000000,43391000000,,-31665000000,-10411000000,0.33543580408923507
WMT,0000104169,2015,468651000000,27725000000,36203000000,1977000000,7958000000,16999000000,8478000000,12898000000,61185000000,69345000000,6550000000,7670000000,4103000000,41771000000,53544000000,46994000000,,-26483000000,5182000000,0.31886845374043354
WMT,0000104169,2016,476294000000,26872000000,35742000000,2072000000,8105000000,16022000000,8870000000,13115000000,63278000000,65253000000,7781000000,1592000000,4791000000,40889000000,47272000000,39491000000,,-16139000000,10344000000,0.33593070004559206
WMT,0000104169,2017,485651000000,27147000000,36320000000,2161000000,7985000000,16363000000,9173000000,12174000000,60239000000,64619000000,7281000000,2708000000,2745000000,38214000000,43667000000,36386000000,,-17114000000,-975000000,0.32795301462132415
WMT,0000104169,2018,482130000000,24105000000,33559000000,2027000000,6558000000,14694000000,9454000000,11477000000,57689000000,66928000000,9135000000,1099000000,2256000000,36015000000,39370000000,30235000000,,-21729000000,-4615000000,0.3085827216261999
WMT,0000104169,2019,485873000000,22764000000,32844000000,2044000000,6204000000,13643000000,10080000000,10619000000,59664000000,78521000000,6756000000,5257000000,3738000000,30045000000,39040000000,32284000000,,-34608000000,-12879000000,0.3125913236257369
WMT,0000104169,2020,500343000000,20437000000,,1978000000,4600000000,9862000000,,10051000000,61897000000,77477000000,7722000000,5225000000,1876000000,43520000000,50621000000,42899000000,,-30403000000,4205000000,0.3180749550546259
WMT,0000104169,2021,514405000000,21957000000,,1975000000,4281000000,6670000000,,10344000000,61806000000,77790000000,9465000000,575000000,5362000000,43714000000,49651000000,40186000000,,-31386000000,-983000000,0.3909232033604237
WMT,0000104169,2022,523964000000,20568000000,,2262000000,4915000000,14881000000,,10705000000,90067000000,92645000000,17741000000,224000000,3115000000,41194000000,44533000000,26792000000,,-23658000000,7728000000,0.24828248130935543
WMT,0000104169,2023,559151000000,22548000000,,1976000000,6858000000,13510000000,,10264000000,81070000000,87379000000,14760000000,410000000,2803000000,34864000000,38077000000,23317000000,,-24282000000,-624000000,0.3367046347211312
WMT,0000104169,2024,572754000000,25942000000,,1674000000,4756000000,13673000000,,13106000000,75655000000,92198000000,8625000000,372000000,4191000000,34649000000,39212000000,30587000000,,-29731000000,-5449000000,0.2580715177166423
WMT,0000104169,2025,611289000000,20428000000,,1787000000,5724000000,11680000000,,16857000000,76877000000,92415000000,9867000000,878000000,3447000000,36132000000,40457000000,30590000000,,-29730000000,1000000,0.32888991036543325
HD,0000354950,2009,77349000000,7242000000,9148000000,696000000,2410000000,4395000000,1906000000,,13362000000,11153000000,600000000,,,,,,,1609000000,,0.3541513592946363
HD,0000354950,2010,,4359000000,6261000000,624000000,1278000000,2260000000,1902000000,,13900000000,10363000000,445000000,,1020000000,8662000000,9682000000,9237000000,,2072000000,463000000,0.36122102882984736
HD,0000354950,2011,,4803000000,6609000000,676000000,1362000000,2661000000,1806000000,,13479000000,10122000000,519000000,,,,,,,2838000000,766000000,0.33855331841909025
HD,0000354950,2012,,5839000000,7557000000,530000000,1935000000,3338000000,1718000000,,14520000000,9376000000,1421000000,,,,,,,3723000000,885000000,0.3669637777356344
HD,0000354950,2013,,6661000000,8343000000,606000000,2185000000,3883000000,1682000000,,15372000000,11462000000,545000000,,,,,,,3365000000,-358000000,0.3600856954515491
HD,0000354950,2014,,7766000000,9450000000,632000000,2686000000,4535000000,1684000000,,15279000000,10749000000,1987000000,,,,,,,2543000000,-822000000,0.3719706411854314
HD,0000354950,2015,,9166000000,10923000000,711000000,3082000000,5385000000,1757000000,,15302000000,11269000000,2494000000,,,,,,,1539000000,-1004000000,0.3640014172670367
HD,0000354950,2016,,10469000000,12255000000,830000000,3631000000,6345000000,1786000000,,16484000000,12524000000,1929000000,,,,,,,2031000000,492000000,0.3639735364875702
HD,0000354950,2017,,11774000000,13637000000,919000000,4012000000,7009000000,1863000000,,17724000000,14133000000,1723000000,,,,,,,1868000000,-163000000,0.36403230196896835
HD,0000354950,2018,,13427000000,15400000000,972000000,4534000000,7957000000,1973000000,,18933000000,16194000000,2216000000,,,,,,,523000000,-1345000000,0.3629813465695301
HD,0000354950,2019,,14681000000,16743000000,1057000000,5068000000,8630000000,2062000000,,18529000000,16716000000,2538000000,,,,,,,-725000000,-1248000000,0.36998101912687986
HD,0000354950,2020,,15530000000,17682000000,1051000000,3435000000,11121000000,2152000000,,19810000000,18375000000,2133000000,,,,,,,-698000000,27000000,0.23598516075845014
HD,0000354950,2021,,15843000000,18139000000,1201000000,3473000000,11242000000,2296000000,,28477000000,23166000000,7895000000,,,,,,,-2584000000,-1886000000,0.23601766904519197
HD,0000354950,2022,,18278000000,20797000000,1347000000,4112000000,12866000000,2519000000,,29055000000,28693000000,2343000000,,,,,,,-1981000000,603000000,0.24219578277771234
HD,0000354950,2023,,23040000000,25902000000,1347000000,5304000000,16433000000,2862000000,,32471000000,23110000000,2757000000,,,,,,,6604000000,8585000000,0.244007912775452
HD,0000354950,2024,,24039000000,26835000000,,5372000000,17105000000,2796000000,,29775000000,22015000000,3760000000,,,,,,,4000000000,-2604000000,0.2389998665302309
MCD,0000063908,2009,22786600000,3879000000,,410100000,1237100000,2395100000,,1946600000,3517600000,2537900000,2128100000,,31800000,10186000000,10217800000,8089700000,,-1180200000,,0.34059247838775397
MCD,0000063908,2010,23522400000,6442900000,,522600000,1844800000,4313200000,,2135700000,3416300000,2988700000,1981300000,,18100000,10560300000,10578400000,8597100000,,-1571800000,-391600000,0.29957778499512827
MCD,0000063908,2011,22744700000,6841000000,,473200000,1936000000,4551000000,,1952100000,4368500000,2924700000,2063400000,,8300000,11497000000,11505300000,9441900000,,-627900000,943900000,0.29844303992600585
MCD,0000063908,2012,24074600000,7473100000,,450900000,2054000000,4946300000,,2135500000,4403000000,3509200000,1796000000,,366600000,12133800000,12500400000,10704400000,,-1268800000,-640900000,0.2934159964572947
MCD,0000063908,2013,27006000000,8529700000,,492800000,2509100000,5503100000,,2729800000,4922100000,3403100000,2387000000,,,13632500000,13632500000,11245500000,,-868000000,400800000,0.3131599311050648
MCD,0000063908,2014,27567000000,8604600000,,516600000,2614200000,5464800000,,3049200000,5050100000,3170000000,2335700000,,,14129800000,14129800000,11794100000,,-455600000,412400000,0.3235796509468994
MCD,0000063908,2015,28105700000,8764300000,,527800000,2618600000,5585900000,,2824700000,4185500000,2747900000,2336100000,,,14935700000,14935700000,12599600000,,-898500000,-442900000,0.319166311170699
MCD,0000063908,2016,27441300000,7949200000,,576400000,2614200000,4757800000,,2583400000,9643000000,2950400000,2798700000,,0,24122100000,24122100000,21323400000,,3893900000,4792400000,0.3546120455778622
MCD,0000063908,2017,25413000000,7145500000,,638300000,2026400000,4529300000,,1813900000,4848600000,3468300000,2077900000,,77200000,25878500000,25955700000,23877800000,,-774800000,-4668700000,0.30910505361746266
MCD,0000063908,2018,24621900000,7744500000,,884800000,2179500000,4686500000,,1821100000,5327200000,2890600000,7685500000,,,29536400000,29536400000,21850900000,,-5248900000,-4474100000,0.31743373143023595
MCD,0000063908,2019,22820400000,9552700000,,921300000,3381200000,5192300000,,1853700000,4053200000,2973500000,1223400000,,0,31075300000,31075300000,29851900000,,-143700000,5105200000,0.39437802531054994
MCD,0000063908,2020,21257900000,8822600000,9037400000,981200000,1891800000,5924300000,214800000,2741700000,3557900000,3621000000,2463800000,,59100000,34118100000,34177200000,31713400000,,-2586000000,-2442300000,0.2420388684894001
MCD,0000063908,2021,21364400000,9069800000,9332300000,1121900000,1992700000,6025400000,262500000,2393700000,6243200000,6181200000,866000000,,2243600000,35196800000,37440400000,36574400000,,-3047600000,-461600000,0.2485252117085095
MCD,0000063908,2022,19207800000,7324000000,7624600000,1218100000,1410200000,4730500000,300600000,1640800000,7148500000,4020000000,4709200000,,,35622700000,35622700000,30913500000,,-1580700000,1466900000,0.22964808572312603
MCD,0000063908,2023,23222900000,10356000000,10685700000,1185800000,1582700000,7545200000,329700000,2040000000,5424200000,3802100000,2583800000,0,,35903500000,35903500000,33319700000,,-961700000,619000000,0.17339147010813002
MCD,0000063908,2024,23183000000,9371000000,9741000000,1207000000,1648000000,6177000000,370000000,1899000000,7986000000,6859000000,4579000000,2192000000,,37153000000,39345000000,34766000000,,-5644000000,-4682300000,0.21060702875399362
NKE,0000320187,2010,,,,,619500000,1883400000,,449200000,9734000000,3277000000,1856700000,342900000,32000000,437200000,812100000,-1044600000,,4225400000,,0.24751288505333813
NKE,0000320187,2011,,,,,470000000,1487000000,,456000000,10959000000,3364000000,2134000000,139000000,7000000,446000000,592000000,-1542000000,,5315000000,1089600000,0.2401635155850792
NKE,0000320187,2012,,,,,610000000,1907000000,,335000000,11297000000,3958000000,2291000000,187000000,200000000,276000000,663000000,-1628000000,,4661000000,-654000000,0.24235200635677392
NKE,0000320187,2013,,,,,690000000,2133000000,,432000000,11845000000,3882000000,3079000000,108000000,49000000,228000000,385000000,-2694000000,,4727000000,66000000,0.24442082890541977
NKE,0000320187,2014,,,,,754000000,2211000000,,563000000,13630000000,3962000000,1877000000,98000000,57000000,1210000000,1365000000,-512000000,,7636000000,2909000000,0.25430016863406407
NKE,0000320187,2015,,,,,805000000,2472000000,,598000000,13696000000,5027000000,2254000000,167000000,7000000,1199000000,1373000000,-881000000,,6241000000,-1395000000,0.2456515105279219
NKE,0000320187,2016,,,,,851000000,2693000000,,880000000,15587000000,6332000000,3337000000,74000000,107000000,1079000000,1260000000,-2077000000,,5737000000,-504000000,0.24012415349887134
NKE,0000320187,2017,,,,,932000000,3273000000,,963000000,15025000000,5358000000,2220000000,1000000,44000000,1993000000,2038000000,-182000000,,7402000000,1665000000,0.221640903686088
NKE,0000320187,2018,,,,,863000000,3760000000,,1143000000,16061000000,5474000000,3852000000,325000000,6000000,3471000000,3802000000,-50000000,,6404000000,-998000000,0.18667531905688947
NKE,0000320187,2019,34350000000,,,,646000000,4240000000,,1105000000,15134000000,6040000000,3138000000,336000000,6000000,3468000000,3810000000,672000000,,5614000000,-790000000,0.1322144903806795
NKE,0000320187,2020,36397000000,,,,2392000000,1933000000,,1028000000,16525000000,7866000000,3808000000,9000000,6000000,3464000000,3479000000,-329000000,,4836000000,-778000000,0.5530635838150288
NKE,0000320187,2021,39117000000,,,,772000000,4029000000,,1119000000,20556000000,8284000000,8348000000,248000000,3000000,9406000000,9657000000,1309000000,,3673000000,-1163000000,0.16079983336804832
NKE,0000320187,2022,37403000000,2887000000,,,348000000,2539000000,,1086000000,26291000000,9674000000,9889000000,2000000,0,9413000000,9415000000,-474000000,,6726000000,3053000000,0.12054035330793211
NKE,0000320187,2023,44538000000,6661000000,,,934000000,5727000000,,695000000,28213000000,10730000000,8574000000,10000000,500000000,8920000000,9430000000,856000000,,8399000000,1673000000,0.1402191863083621
NKE,0000320187,2024,46710000000,6651000000,,,605000000,6046000000,,758000000,25202000000,9256000000,7441000000,6000000,0,8927000000,8933000000,1492000000,,8499000000,100000000,0.09096376484739137
NKE,0000320187,2025,51217000000,6201000000,6904000000,,1131000000,5070000000,703000000,969000000,25382000000,10593000000,9860000000,6000000,1000000000,7903000000,8909000000,-951000000,,3923000000,-4576000000,0.18238993710691823
COST,0000909832,2010,72483000000,1969000000,2622000000,103000000,716000000,1283000000,653000000,1599000000,10337000000,9281000000,2780000000,16000000,80000000,2130000000,2226000000,-554000000,,-1820000000,,0.3581790895447724
COST,0000909832,2011,71422000000,1777000000,2505000000,108000000,628000000,1086000000,728000000,1250000000,11708000000,10063000000,2619000000,26000000,0,2141000000,2167000000,-452000000,,-1000000000,820000000,0.3663943990665111
COST,0000909832,2012,77946000000,2077000000,2872000000,111000000,731000000,1303000000,795000000,1055000000,13706000000,12050000000,3157000000,,900000000,1253000000,2153000000,-1004000000,,-2401000000,-1401000000,0.35939036381514256
COST,0000909832,2013,88915000000,2439000000,3294000000,116000000,841000000,1462000000,855000000,1290000000,13526000000,12260000000,3214000000,,1000000,1381000000,1382000000,-1832000000,,-1949000000,452000000,0.3651758575770734
COST,0000909832,2014,99137000000,2759000000,3667000000,95000000,1000000000,1709000000,908000000,1480000000,15840000000,13257000000,4009000000,36000000,,4998000000,5034000000,1025000000,,-1462000000,487000000,0.36913990402362495
COST,0000909832,2015,105156000000,3053000000,3999000000,99000000,990000000,2039000000,946000000,2083000000,17588000000,14412000000,3528000000,,0,5093000000,5093000000,1565000000,,-352000000,1110000000,0.3268405414328161
COST,0000909832,2016,112640000000,3220000000,4249000000,113000000,1109000000,2058000000,1029000000,1993000000,16779000000,16539000000,4644000000,,1283000000,4852000000,6135000000,1491000000,,-5687000000,-5335000000,0.3501736659299021
COST,0000909832,2017,116199000000,3624000000,4751000000,124000000,1195000000,2377000000,1127000000,2393000000,15218000000,15575000000,5738000000,,1100000000,4061000000,5161000000,-577000000,,-7195000000,-1508000000,0.3345464725643897
COST,0000909832,2018,118719000000,3672000000,4927000000,133000000,1243000000,2350000000,1255000000,2649000000,17317000000,17495000000,4801000000,,86000000,6573000000,6659000000,1858000000,,-5065000000,2130000000,0.3459504592262733
COST,0000909832,2020,141576000000,4480000000,5917000000,159000000,1263000000,3134000000,1437000000,2969000000,23485000000,23237000000,4546000000,,1699000000,5124000000,6823000000,2277000000,,-5997000000,-932000000,0.28724130088696836
COST,0000909832,2021,152703000000,4737000000,6229000000,150000000,1061000000,3659000000,1492000000,2998000000,28120000000,24844000000,6055000000,,95000000,7514000000,7609000000,1554000000,,-2874000000,3123000000,0.22478813559322033
COST,0000909832,2022,166761000000,5435000000,7080000000,160000000,1308000000,4002000000,1645000000,2810000000,29505000000,29441000000,11258000000,,799000000,6692000000,7491000000,-3767000000,,-11993000000,-9119000000,0.24632768361581922
COST,0000909832,2023,195929000000,6708000000,8489000000,171000000,1601000000,5007000000,1781000000,3588000000,32696000000,31998000000,10203000000,,73000000,6484000000,6557000000,-3646000000,,-9578000000,2415000000,0.2422820823244552
COST,0000909832,2024,226954000000,7793000000,9693000000,158000000,1925000000,5844000000,1900000000,3891000000,35879000000,33583000000,13700000000,,1081000000,5377000000,6458000000,-7242000000,,-12485000000,-2907000000,0.24777963701892136
COST,0000909832,2025,242290000000,8114000000,10191000000,160000000,2195000000,6292000000,2077000000,4323000000,34246000000,35464000000,9906000000,,103000000,5794000000,5897000000,-4009000000,,-11227000000,1258000000,0.25863084717803697
PEP,0000077476,2009,,7182000000,8608000000,224000000,1973000000,5658000000,1426000000,,10806000000,8787000000,1651000000,369000000,,7858000000,8227000000,6576000000,,-1000000,,0.2585506486698991
PEP,0000077476,2010,,6959000000,8502000000,329000000,1879000000,5142000000,1543000000,,12571000000,8756000000,910000000,464000000,102000000,7400000000,7966000000,7056000000,,2339000000,2340000000,0.26762569434553485
PEP,0000077476,2011,,8044000000,9679000000,397000000,2100000000,5946000000,1635000000,,17569000000,15892000000,2064000000,,,19999000000,19999000000,17935000000,,-387000000,-2726000000,0.2609992542878449
PEP,0000077476,2012,,8332000000,10659000000,903000000,1894000000,6320000000,2327000000,,17441000000,18154000000,3943000000,,,20568000000,20568000000,16625000000,,-4656000000,-4269000000,0.230581933284636
PEP,0000077476,2013,,9633000000,12370000000,856000000,2372000000,6443000000,2737000000,,18720000000,17089000000,5943000000,,,23544000000,23544000000,17601000000,,-4312000000,344000000,0.26908678389109475
PEP,0000077476,2014,,9112000000,11801000000,899000000,2090000000,6178000000,2689000000,,22203000000,17839000000,4067000000,,2200000000,24333000000,26533000000,22466000000,,-1903000000,2409000000,0.252781809385583
PEP,0000077476,2015,,9705000000,12368000000,911000000,2104000000,6740000000,2663000000,,20663000000,18092000000,6297000000,,,23821000000,23821000000,17524000000,,-3726000000,-1823000000,0.23790140208050656
PEP,0000077476,2016,,9581000000,12206000000,909000000,2199000000,6513000000,2625000000,,23031000000,17578000000,9375000000,,,29213000000,29213000000,19838000000,,-3922000000,-196000000,0.2524104683195592
PEP,0000077476,2017,,8353000000,10769000000,970000000,1941000000,5452000000,2416000000,,26450000000,21135000000,6134000000,,,30053000000,30053000000,23919000000,,-819000000,3103000000,0.2625456512917625
PEP,0000077476,2018,62799000000,9804000000,12172000000,1342000000,2174000000,6329000000,2368000000,,31027000000,20502000000,10610000000,,,33796000000,33796000000,23186000000,,-85000000,734000000,0.2556744678348818
PEP,0000077476,2019,63525000000,10276000000,12645000000,1151000000,4694000000,4857000000,2369000000,,21893000000,22138000000,8721000000,,,28295000000,28295000000,19574000000,,-8966000000,-8881000000,0.49146686210867974
PEP,0000077476,2020,64661000000,10110000000,12509000000,1219000000,-3370000000,12515000000,2399000000,,17645000000,20461000000,5509000000,,,29148000000,29148000000,23639000000,,-8325000000,641000000,-0.36850738108255876
PEP,0000077476,2021,67161000000,10291000000,12723000000,935000000,1959000000,7314000000,2432000000,,23001000000,23372000000,8185000000,,,40370000000,40370000000,32185000000,,-8556000000,-231000000,0.21125849239728242
PEP,0000077476,2022,70372000000,10080000000,12628000000,1128000000,1894000000,7120000000,2548000000,,21783000000,26220000000,5596000000,,,36026000000,36026000000,30430000000,,-10033000000,-1477000000,0.21011759485245174
PEP,0000077476,2023,79474000000,11162000000,13872000000,1863000000,2142000000,7618000000,2710000000,,21539000000,26785000000,4954000000,,,35657000000,35657000000,30703000000,,-10200000000,-167000000,0.2194672131147541
PEP,0000077476,2024,86392000000,11512000000,14275000000,939000000,1727000000,8910000000,2763000000,,26950000000,31647000000,9711000000,,,37595000000,37595000000,27884000000,,-14408000000,-4208000000,0.1623578076525336
KO,0000021344,2009,,7252000000,8415000000,456000000,1892000000,5981000000,1163000000,1648000000,12176000000,12988000000,2440000000,,465000000,2781000000,3246000000,806000000,,-3717000000,,0.24031500063508193
KO,0000021344,2010,,8446000000,9674000000,438000000,1632000000,5807000000,1228000000,1968000000,17551000000,13721000000,4093000000,,51000000,5059000000,5110000000,1017000000,,-314000000,3403000000,0.2193843258502487
KO,0000021344,2011,,8231000000,9467000000,355000000,2040000000,6824000000,1236000000,1993000000,21579000000,18508000000,4701000000,,1276000000,14041000000,15317000000,10616000000,,-2906000000,-2592000000,0.23014440433212996
KO,0000021344,2012,,8413000000,9856000000,733000000,2370000000,11787000000,1443000000,2215000000,25497000000,24283000000,7021000000,,2041000000,13656000000,15697000000,8676000000,,-7848000000,-4942000000,0.16740834922653106
KO,0000021344,2013,,10173000000,12127000000,417000000,2812000000,8584000000,1954000000,2920000000,30328000000,27821000000,8517000000,,1577000000,14736000000,16313000000,7796000000,,-7587000000,261000000,0.24675324675324675
KO,0000021344,2014,,10779000000,12761000000,397000000,2723000000,9019000000,1982000000,2780000000,31304000000,27811000000,12803000000,,1024000000,19154000000,20178000000,7375000000,,-10334000000,-2747000000,0.2319025719638903
KO,0000021344,2015,,10228000000,12205000000,463000000,2851000000,8584000000,1977000000,2550000000,32986000000,32374000000,8442000000,,3552000000,19063000000,22615000000,14173000000,,-11382000000,-1048000000,0.24932225623087015
KO,0000021344,2016,,9708000000,11684000000,483000000,2201000000,7098000000,1976000000,2406000000,33395000000,26929000000,10414000000,,2676000000,28311000000,30987000000,20573000000,,-6624000000,4758000000,0.23669211743198193
KO,0000021344,2017,,8728000000,10698000000,856000000,2239000000,7351000000,1970000000,2553000000,34010000000,26532000000,8958000000,,3527000000,29684000000,33211000000,24253000000,,-5007000000,1617000000,0.2334723670490094
KO,0000021344,2018,41863000000,8657000000,10444000000,733000000,1586000000,6527000000,1787000000,2262000000,36545000000,27194000000,8555000000,,3298000000,31182000000,34480000000,25925000000,,-2502000000,2505000000,0.19548872180451127
KO,0000021344,2019,36212000000,7755000000,9015000000,853000000,5607000000,1248000000,1260000000,1750000000,24930000000,28782000000,6102000000,,5003000000,25376000000,30379000000,24277000000,,-14957000000,-12455000000,0.8179431072210066
KO,0000021344,2020,34300000000,9152000000,10238000000,950000000,1749000000,6434000000,1086000000,1548000000,20411000000,26973000000,9077000000,10994000000,4253000000,27516000000,42763000000,33686000000,,-30886000000,-15929000000,0.2137357937186851
KO,0000021344,2021,37266000000,10086000000,11451000000,946000000,1801000000,8920000000,1365000000,2054000000,19240000000,14601000000,6480000000,2183000000,485000000,40125000000,42793000000,36313000000,,-4509000000,26377000000,0.16798806081522247
KO,0000021344,2022,33014000000,8997000000,10533000000,1437000000,1981000000,7747000000,1536000000,1177000000,22545000000,19950000000,6795000000,3307000000,1338000000,38116000000,42761000000,35966000000,,-8845000000,-4336000000,0.20363898026315788
KO,0000021344,2023,38655000000,10308000000,11760000000,1597000000,2621000000,9771000000,1452000000,1367000000,22591000000,19724000000,9684000000,,399000000,36377000000,36776000000,27092000000,,-7216000000,1629000000,0.21150742414460943
KO,0000021344,2024,43004000000,10909000000,12169000000,882000000,2115000000,9542000000,1260000000,1484000000,26732000000,23571000000,9519000000,,,,,,,-6358000000,858000000,0.18143604701038002
SBUX,0000829224,2009,,1053900000,1545100000,38000000,383700000,672600000,491200000,1080300000,1748000000,2189700000,312600000,713000000,700000,549600000,1263300000,950700000,,-1468000000,,0.3632490769667708
SBUX,0000829224,2010,,503900000,1108400000,53400000,144000000,315500000,604500000,984500000,2035800000,1581000000,281300000,,200000,549300000,549500000,268200000,,173300000,1641300000,0.3133841131664853
SBUX,0000829224,2011,9774600000,562000000,1125300000,39100000,168400000,390800000,563300000,445600000,2756400000,1779100000,269800000,,,549400000,549400000,279600000,,707500000,534200000,0.3011444921316166
SBUX,0000829224,2012,10707400000,1419400000,1960200000,32700000,488700000,945600000,540800000,445800000,3794900000,2075800000,599800000,,,549500000,549500000,-50300000,,1119300000,411800000,0.3407236979711357
SBUX,0000829224,2013,11700400000,1728500000,2278500000,33300000,563100000,1245700000,550000000,531900000,4199600000,2209800000,1164000000,,,549600000,549600000,-614400000,,825800000,-293500000,0.31131136665192394
SBUX,0000829224,2014,,1997400000,2578000000,32700000,674400000,1383800000,580600000,856200000,5471400000,5377300000,1148100000,,,1299400000,1299400000,151300000,,-1054000000,-1879800000,0.3276649499562725
SBUX,0000829224,2015,,-325400000,330200000,28100000,-238700000,8300000,655600000,1151200000,4168700000,3038700000,1188600000,,,2048300000,2048300000,859700000,,-58600000,995400000,
SBUX,0000829224,2016,,3081100000,3829500000,64100000,1092000000,2068100000,748400000,1160900000,3971000000,3648100000,2575700000,,0,2347500000,2347500000,-228200000,,-2252800000,-2194200000,0.3455586848517452
SBUX,0000829224,2017,,3601000000,4534800000,70500000,1143700000,2757400000,933800000,1303700000,4757900000,4546800000,1708400000,,399900000,3185300000,3585200000,1876800000,,-1897200000,355600000,0.29317372023275484
SBUX,0000829224,2018,21315900000,4171900000,5202000000,81300000,1379700000,2817700000,1030100000,1440300000,5283400000,4220700000,1530100000,,0,3932600000,3932600000,2402500000,,-467400000,1429800000,0.32870348310859104
SBUX,0000829224,2019,22386800000,4134700000,5201800000,92500000,1432600000,2884700000,1067100000,1519400000,12494200000,5684200000,2128800000,0,349900000,9090200000,9440100000,7311300000,,4331300000,4798700000,0.33182776272207165
SBUX,0000829224,2020,24719500000,3883300000,5189200000,170300000,1262000000,4518300000,1305900000,1976400000,5653900000,6168700000,2462300000,0,0,11167000000,11167000000,8704700000,,-2977100000,-7308400000,0.2183277684549245
SBUX,0000829224,2021,26508600000,4077900000,5527200000,331000000,871600000,3599200000,1449300000,1806600000,7806400000,7346800000,8756300000,438800000,1249900000,14659600000,16348300000,7592000000,,-9985400000,-7008300000,0.19495392323521518
SBUX,0000829224,2022,23518000000,1561700000,3064900000,437000000,239700000,928300000,1503200000,1483600000,9756400000,8151400000,,0,998900000,13616900000,14615800000,,,606100000,10591500000,0.20522260273972603
SBUX,0000829224,2023,29060600000,4872100000,6396200000,469800000,1156600000,4199300000,1524100000,1470000000,7018700000,9151800000,,175000000,1749000000,13119900000,15043900000,,,-4057100000,-4663200000,0.21594876678055977
SBUX,0000829224,2024,32250300000,4617800000,6147200000,482900000,948500000,3281600000,1529400000,1841300000,7303400000,9345300000,,33500000,1818600000,13547600000,15399700000,,,-3894000000,163100000,0.22422637762700645
TGT,0000027419,2009,63367000000,,,647000000,1776000000,,1659000000,4369000000,17488000000,10512000000,,,,,,,,6976000000,,
TGT,0000027419,2010,64948000000,,,866000000,1322000000,,1826000000,3547000000,18424000000,11327000000,,,119000000,1000000000,1119000000,,,6978000000,2000000,
TGT,0000027419,2011,65357000000,4576000000,6599000000,801000000,1384000000,,2023000000,1729000000,17213000000,10070000000,,,3786000000,13697000000,17483000000,,,3357000000,-3621000000,
TGT,0000027419,2012,67390000000,5169000000,7253000000,757000000,1575000000,,2084000000,2129000000,16449000000,14287000000,,,2024000000,14654000000,16678000000,,,138000000,-3219000000,
TGT,0000027419,2013,69865000000,,,866000000,1527000000,,2131000000,4368000000,16388000000,14031000000,,970000000,1080000000,,2050000000,,,307000000,169000000,
TGT,0000027419,2014,73301000000,,,684000000,1741000000,,2044000000,2346000000,11573000000,12777000000,,,91000000,,91000000,,,-1295000000,-1602000000,
TGT,0000027419,2015,,,,1049000000,1427000000,,1996000000,1886000000,13624000000,11736000000,,,815000000,,815000000,,,1073000000,2368000000,
TGT,0000027419,2016,,,,882000000,1204000000,,2129000000,1786000000,14130000000,12622000000,,,1718000000,,1718000000,,,-210000000,-1283000000,
TGT,0000027419,2017,,,,607000000,1602000000,,2213000000,1438000000,11990000000,12707000000,,,270000000,,270000000,,,-987000000,-777000000,
TGT,0000027419,2018,,4864000000,7182000000,991000000,1295000000,,2318000000,1547000000,12540000000,13052000000,337000000,,1052000000,,1052000000,715000000,,-1901000000,-914000000,
TGT,0000027419,2019,,4224000000,6700000000,653000000,722000000,,2476000000,2533000000,12519000000,15014000000,359000000,,161000000,,161000000,-198000000,,-3015000000,-1114000000,
TGT,0000027419,2020,,4110000000,6584000000,461000000,746000000,,2474000000,3516000000,12902000000,14487000000,326000000,,,,,,,-1911000000,1104000000,
TGT,0000027419,2021,,4658000000,7262000000,477000000,921000000,,2604000000,3027000000,20756000000,20125000000,307000000,,,,,,,324000000,2235000000,
TGT,0000027419,2022,,6539000000,9024000000,977000000,1178000000,4368000000,2485000000,2649000000,21573000000,21747000000,349000000,,,,,,,-523000000,-847000000,0.2124053371799495
TGT,0000027419,2023,,8946000000,11588000000,421000000,1961000000,6946000000,2642000000,3544000000,17846000000,19500000000,286000000,,,,,,,-1940000000,-1417000000,0.220163916021107
TGT,0000027419,2024,,3848000000,6548000000,,638000000,2780000000,2700000000,5528000000,17498000000,19304000000,288000000,,,,,,,-2094000000,-154000000,0.18665886483323582
LOW,0000060667,2010,,,,280000000,1311000000,,,3266000000,9732000000,7355000000,281000000,,552000000,5080000000,5632000000,5351000000,,1544000000,,
LOW,0000060667,2011,,,,,1042000000,,,1799000000,9967000000,7119000000,245000000,,36000000,6573000000,6609000000,6364000000,,2567000000,1023000000,
LOW,0000060667,2012,,,,,1218000000,,,1329000000,10072000000,7891000000,632000000,,592000000,,592000000,-40000000,,957000000,-1610000000,
LOW,0000060667,2013,,,,,1067000000,,,1829000000,9784000000,7708000000,652000000,0,47000000,,47000000,-605000000,,1377000000,420000000,
LOW,0000060667,2014,,,,,1178000000,1959000000,,1211000000,10296000000,8876000000,1014000000,386000000,49000000,,435000000,-579000000,,-29000000,-1406000000,0.3755180108383806
LOW,0000060667,2015,,,,,1387000000,2286000000,,940000000,9851000000,9348000000,541000000,0,552000000,,552000000,11000000,,-590000000,-561000000,0.3776204737271985
LOW,0000060667,2016,,4792000000,6378000000,,1578000000,2698000000,1586000000,880000000,10561000000,10492000000,391000000,43000000,1061000000,,1104000000,713000000,,-1426000000,-836000000,0.36903648269410666
LOW,0000060667,2017,,4971000000,6558000000,,1873000000,2546000000,1587000000,1197000000,12000000000,11974000000,466000000,510000000,795000000,,1305000000,839000000,,-1745000000,-319000000,0.4238515501244626
LOW,0000060667,2018,65017000000,5846000000,7436000000,,2108000000,3091000000,1590000000,1167000000,12772000000,12096000000,405000000,1137000000,294000000,,1431000000,1026000000,,-1160000000,585000000,0.4054625889594153
LOW,0000060667,2019,68619000000,6586000000,8126000000,,2042000000,3447000000,1540000000,1123000000,14228000000,14497000000,511000000,722000000,1110000000,,1832000000,1321000000,,-2612000000,-1452000000,0.3720167607943159
LOW,0000060667,2020,71309000000,4018000000,5625000000,,1080000000,2314000000,1607000000,1174000000,15318000000,15182000000,716000000,1941000000,597000000,,2538000000,1822000000,,-3118000000,-506000000,0.3182086034177961
LOW,0000060667,2021,72148000000,6314000000,7724000000,,1342000000,4281000000,1410000000,1484000000,22326000000,18730000000,4690000000,,1112000000,24285000000,25397000000,20707000000,,-2206000000,912000000,0.23866263560377024
LOW,0000060667,2022,89597000000,9647000000,11241000000,,1904000000,5835000000,1594000000,1791000000,20060000000,19668000000,1133000000,0,868000000,33270000000,34138000000,33005000000,,-1609000000,597000000,0.24602661842615325
LOW,0000060667,2023,96250000000,12093000000,13975000000,,2766000000,8442000000,1882000000,1853000000,21442000000,19511000000,1348000000,499000000,585000000,35770000000,36854000000,35506000000,,-501000000,1108000000,0.2467880085653105
LOW,0000060667,2024,97059000000,10159000000,12140000000,,2599000000,6437000000,1981000000,1829000000,19071000000,15568000000,921000000,,537000000,35319000000,35856000000,34935000000,,2045000000,2546000000,0.2876272687029659
MDLZ,0001103982,2009,35858000000,4176000000,,,1080000000,2721000000,,1241000000,11461000000,11044000000,239000000,897000000,,,897000000,658000000,,-719000000,,0.2841357537490134
MDLZ,0001103982,2010,40492000000,3576000000,4539000000,1272000000,658000000,2884000000,963000000,1367000000,12454000000,11491000000,567000000,453000000,513000000,18024000000,18990000000,18423000000,,-570000000,149000000,0.1857707509881423
MDLZ,0001103982,2011,38754000000,5183000000,6088000000,1260000000,1136000000,3021000000,905000000,1330000000,16221000000,15893000000,1244000000,750000000,1115000000,26859000000,28724000000,27480000000,,-2781000000,-2211000000,0.2732739956699543
MDLZ,0001103982,2012,31489000000,2496000000,3725000000,1540000000,54000000,4114000000,1229000000,1661000000,16202000000,18445000000,2101000000,182000000,,,182000000,-1919000000,,-4526000000,-1745000000,0.012955854126679463
MDLZ,0001103982,2013,35810000000,3498000000,4758000000,-1383000000,116000000,3554000000,1260000000,1771000000,15673000000,14870000000,,274000000,,,274000000,,,529000000,5055000000,0.03160762942779292
MDLZ,0001103982,2014,35015000000,3637000000,4765000000,1177000000,168000000,3067000000,1128000000,1610000000,13174000000,14354000000,,1594000000,,,1594000000,,,-2774000000,-3303000000,0.05193199381761979
MDLZ,0001103982,2015,35299000000,3971000000,4831000000,1017000000,60000000,3915000000,860000000,1622000000,11750000000,14007000000,,1305000000,,,1305000000,,,-3562000000,-788000000,0.01509433962264151
MDLZ,0001103982,2016,34244000000,3242000000,4095000000,778000000,353000000,2184000000,853000000,1642000000,8958000000,10922000000,,236000000,,,236000000,,,-2200000000,1362000000,0.1391407173827355
MDLZ,0001103982,2017,29636000000,8897000000,9610000000,609000000,593000000,7267000000,713000000,1514000000,8480000000,14417000000,,2531000000,,,2531000000,,,-8468000000,-6268000000,0.07544529262086513
MDLZ,0001103982,2018,25923000000,2554000000,3201000000,515000000,114000000,1635000000,647000000,1224000000,7520000000,15793000000,,3517000000,,,3517000000,,,-11790000000,-3322000000,0.06518010291595197
MDLZ,0001103982,2019,25896000000,3462000000,4100000000,396000000,666000000,2828000000,638000000,1014000000,7604000000,16737000000,,3192000000,,,3192000000,,,-12325000000,-535000000,0.19061247853463079
MDLZ,0001103982,2020,25938000000,3312000000,3947000000,462000000,773000000,3317000000,635000000,1095000000,7630000000,15322000000,,2638000000,,,2638000000,,,-10330000000,1995000000,0.18899755501222493
MDLZ,0001103982,2021,25868000000,3843000000,4488000000,484000000,2000000,3929000000,645000000,925000000,9979000000,15159000000,,29000000,,,29000000,,,-5209000000,5121000000,0.0005087763927753752
MDLZ,0001103982,2022,26581000000,3853000000,4505000000,423000000,1224000000,3555000000,652000000,863000000,10342000000,14008000000,,216000000,,,216000000,,,-3882000000,1327000000,0.256120527306968
MDLZ,0001103982,2023,28720000000,4653000000,5336000000,365000000,1190000000,4300000000,683000000,965000000,10091000000,16731000000,,2299000000,,,2299000000,,,-8939000000,-5057000000,0.2167577413479053
MDLZ,0001103982,2024,31496000000,3534000000,4224000000,428000000,865000000,2717000000,690000000,906000000,11703000000,19013000000,,420000000,,,420000000,,,-7730000000,1209000000,0.24148520379676158
CL,0000021665,2009,,2720000000,3054000000,,759000000,1737000000,334000000,,3710000000,2952000000,490000000,,91000000,,91000000,-399000000,,177000000,,0.30408653846153844
CL,0000021665,2010,,3101000000,3449000000,115000000,968000000,1957000000,348000000,,3810000000,3599000000,429000000,,326000000,,326000000,-103000000,,-544000000,-721000000,0.3309401709401709
CL,0000021665,2011,,3615000000,3966000000,102000000,1141000000,2291000000,351000000,,3730000000,3728000000,555000000,,561000000,2815000000,3376000000,2821000000,,-1114000000,-570000000,0.3324592074592075
CL,0000021665,2012,,3489000000,3865000000,69000000,1117000000,2203000000,376000000,,4402000000,3716000000,600000000,,346000000,4430000000,4776000000,4176000000,,-260000000,854000000,0.3364457831325301
CL,0000021665,2013,16734000000,3841000000,4262000000,59000000,1235000000,2431000000,421000000,537000000,4556000000,3736000000,490000000,,250000000,4926000000,5176000000,4686000000,,80000000,340000000,0.33687943262411346
CL,0000021665,2014,17085000000,3889000000,4314000000,81000000,1243000000,2472000000,425000000,565000000,4931000000,4579000000,878000000,,895000000,4749000000,5644000000,4766000000,,-1421000000,-1501000000,0.3345895020188425
CL,0000021665,2015,17420000000,3556000000,3995000000,119000000,1155000000,2241000000,439000000,670000000,4863000000,3946000000,884000000,,488000000,5644000000,6132000000,5248000000,,-455000000,966000000,0.3401060070671378
CL,0000021665,2016,17277000000,3557000000,3999000000,134000000,1194000000,2180000000,442000000,757000000,4384000000,3534000000,962000000,,298000000,6246000000,6544000000,5582000000,,-410000000,45000000,0.35388263189093067
CL,0000021665,2017,16034000000,2789000000,3238000000,139000000,1215000000,1384000000,449000000,691000000,4338000000,3305000000,1089000000,,0,6520000000,6520000000,5431000000,,-56000000,354000000,0.46748749519045785
CL,0000021665,2018,,3955000000,4398000000,155000000,1152000000,2441000000,443000000,593000000,4639000000,3408000000,970000000,,0,6566000000,6566000000,5596000000,,261000000,317000000,0.3206234344558864
CL,0000021665,2019,,3707000000,4182000000,156000000,1313000000,2024000000,475000000,553000000,3793000000,3341000000,726000000,,0,6354000000,6354000000,5628000000,,-274000000,-535000000,0.3934671860952952
CL,0000021665,2020,,3694000000,4205000000,195000000,906000000,2400000000,511000000,436000000,4179000000,4038000000,883000000,,254000000,7333000000,7587000000,6704000000,,-996000000,-722000000,0.27404718693284935
CL,0000021665,2021,,3554000000,4073000000,193000000,774000000,2367000000,519000000,335000000,4338000000,4404000000,888000000,,9000000,7334000000,7343000000,6455000000,,-963000000,33000000,0.24641833810888253
CL,0000021665,2022,,3885000000,4424000000,184000000,787000000,2695000000,539000000,409000000,4397000000,4051000000,832000000,,12000000,7194000000,7206000000,6374000000,,-498000000,465000000,0.22601952900631822
CL,0000021665,2023,,3332000000,3888000000,120000000,749000000,2166000000,556000000,,5113000000,4004000000,775000000,,14000000,8741000000,8755000000,7980000000,,320000000,818000000,0.2569468267581475
CL,0000021665,2024,,2893000000,3438000000,,693000000,1785000000,545000000,,5279000000,4741000000,966000000,,20000000,8219000000,8239000000,7273000000,,-448000000,-768000000,0.2796610169491525
PG,0000080424,2010,,15979000000,,1467000000,3594000000,12075000000,,3046000000,21905000000,30901000000,5354000000,16320000000,6941000000,20652000000,43913000000,38559000000,,-37611000000,,0.22937009381581466
PG,0000080424,2011,,15374000000,18456000000,1358000000,3733000000,13436000000,3082000000,3238000000,18782000000,24282000000,3313000000,8472000000,564000000,21360000000,30396000000,27083000000,,-17849000000,19762000000,0.21742675752810298
PG,0000080424,2012,,15732000000,18840000000,946000000,4017000000,12736000000,3108000000,3067000000,21970000000,27293000000,4781000000,9981000000,2994000000,22033000000,35008000000,30227000000,,-23079000000,-5230000000,0.23977795021787143
PG,0000080424,2013,,15495000000,18333000000,831000000,3299000000,11797000000,2838000000,3306000000,21910000000,24907000000,2879000000,8698000000,4083000000,21080000000,33861000000,30982000000,,-18657000000,4422000000,0.21853471118177
PG,0000080424,2014,28400000000,13035000000,16239000000,769000000,3378000000,10756000000,3204000000,3964000000,23990000000,30037000000,2768000000,12432000000,4506000000,19111000000,36049000000,33281000000,,-25753000000,-7096000000,0.23899816046412906
PG,0000080424,2015,,13817000000,16799000000,667000000,3226000000,11312000000,2982000000,4008000000,31617000000,33726000000,4436000000,15606000000,4307000000,19811000000,39724000000,35288000000,,-26458000000,-705000000,0.22190122437749346
PG,0000080424,2016,,13910000000,17051000000,709000000,2851000000,11643000000,3141000000,3848000000,29646000000,29790000000,5930000000,12018000000,2772000000,18327000000,33117000000,27187000000,,-20864000000,5594000000,0.1967020836208086
PG,0000080424,2017,,11049000000,14183000000,626000000,2725000000,7036000000,3134000000,3736000000,33782000000,30770000000,8548000000,11653000000,2760000000,18945000000,33358000000,24810000000,,-19949000000,915000000,0.27917221596147934
PG,0000080424,2018,,13441000000,16519000000,579000000,3342000000,10508000000,3078000000,3314000000,26494000000,30210000000,6836000000,13554000000,1676000000,18038000000,33268000000,26432000000,,-25782000000,-5833000000,0.24129963898916967
PG,0000080424,2019,65058000000,13766000000,16586000000,465000000,3063000000,15326000000,2820000000,3384000000,23320000000,28237000000,8098000000,10423000000,1772000000,20863000000,33058000000,24960000000,,-25210000000,572000000,0.1665669693838708
PG,0000080424,2020,66832000000,13363000000,16197000000,506000000,3465000000,9750000000,2834000000,3717000000,22473000000,30011000000,,9697000000,3388000000,20395000000,33480000000,,,-20623000000,4587000000,0.26220204313280365
PG,0000080424,2021,67684000000,5487000000,8311000000,509000000,2103000000,3897000000,2824000000,3347000000,27987000000,32976000000,,11183000000,2508000000,23537000000,37228000000,,,-18680000000,1943000000,0.3505
PG,0000080424,2022,70950000000,15706000000,18719000000,465000000,2731000000,13027000000,3013000000,3073000000,23091000000,33132000000,,8889000000,3620000000,23099000000,35608000000,,,-22550000000,-3870000000,0.17330879553242798
PG,0000080424,2023,76118000000,17986000000,20721000000,502000000,3263000000,14306000000,2735000000,2787000000,21653000000,33081000000,,8645000000,3647000000,22848000000,35140000000,,,-23720000000,-1170000000,0.1857248562809494
PG,0000080424,2024,80187000000,17813000000,20620000000,,3202000000,14742000000,2807000000,3156000000,22648000000,35756000000,,10229000000,3951000000,24378000000,38558000000,,,-27288000000,-3568000000,0.1784440481497994
PG,0000080424,2025,82006000000,18134000000,20848000000,,3615000000,14653000000,2714000000,3062000000,24709000000,33627000000,,7191000000,3838000000,25269000000,36298000000,,,-19947000000,7341000000,0.1978870155463105
PM,0001413329,2009,,8894000000,,,2570000000,6038000000,,1072000000,14939000000,10144000000,1785000000,375000000,209000000,11377000000,11961000000,10176000000,,2426000000,,0.29855947955390333
PM,0001413329,2010,,10248000000,,528000000,2787000000,6890000000,,1099000000,14682000000,11178000000,1501000000,1662000000,82000000,13672000000,15416000000,13915000000,,259000000,-2167000000,0.2880024801074713
PM,0001413329,2011,,10040000000,,905000000,2691000000,6342000000,,715000000,13756000000,12804000000,1531000000,1747000000,1385000000,13370000000,16502000000,14971000000,,-3711000000,-3970000000,0.2979076718698107
PM,0001413329,2012,,11200000000,,974000000,2826000000,7259000000,,713000000,14859000000,14794000000,1540000000,1511000000,,,1511000000,-29000000,,-2986000000,725000000,0.2802181457610312
PM,0001413329,2013,,13342000000,,934000000,3653000000,8591000000,,897000000,16590000000,17016000000,1703000000,2419000000,,,2419000000,716000000,,-4548000000,-1562000000,0.2983502123489056
PM,0001413329,2014,,13863000000,,1007000000,3833000000,8800000000,,1056000000,16852000000,17066000000,2550000000,2400000000,,,2400000000,-150000000,,-5164000000,-616000000,0.30341169951713765
PM,0001413329,2015,,13515000000,,1104000000,3670000000,8576000000,,1200000000,15484000000,15112000000,2983000000,1208000000,,,1208000000,-1775000000,,-3819000000,1345000000,0.2996896945941532
PM,0001413329,2016,,11702000000,,1170000000,3097000000,7493000000,,1153000000,15804000000,15386000000,2154000000,825000000,,,825000000,-1329000000,,-2561000000,1258000000,0.2924457034938621
PM,0001413329,2017,,10623000000,,1132000000,2688000000,6873000000,,960000000,17608000000,16467000000,1682000000,643000000,,,643000000,-1039000000,,-1184000000,1377000000,0.28114213994352055
PM,0001413329,2018,26685000000,10903000000,,1069000000,2768000000,6967000000,,1172000000,21594000000,15962000000,8447000000,499000000,,,499000000,-7948000000,,-3314000000,-2130000000,0.28433487416538267
PM,0001413329,2019,28748000000,11581000000,,1096000000,4307000000,6035000000,,1548000000,19442000000,17191000000,6593000000,730000000,,,730000000,-5863000000,,-5072000000,-1758000000,0.41645716495842194
PM,0001413329,2020,29625000000,11377000000,,855000000,2445000000,7911000000,,1436000000,20514000000,18833000000,6861000000,338000000,,,338000000,-6523000000,,-5518000000,-446000000,0.23609501738122826
PM,0001413329,2021,29805000000,10531000000,,796000000,2293000000,7185000000,,852000000,21492000000,19615000000,7280000000,244000000,,,244000000,-7036000000,,-5647000000,-129000000,0.24192867693606246
PM,0001413329,2022,28694000000,11668000000,,728000000,2377000000,8056000000,,602000000,17717000000,19255000000,4496000000,225000000,,,225000000,-4271000000,,-6259000000,-612000000,0.22783475510399692
PM,0001413329,2023,31405000000,12975000000,13973000000,737000000,2671000000,9109000000,998000000,748000000,19619000000,27336000000,3207000000,5637000000,,,5637000000,2430000000,,-16561000000,-10302000000,0.2267402376910017
PM,0001413329,2024,31762000000,12246000000,13323000000,,2244000000,9048000000,1077000000,1077000000,19755000000,26383000000,3060000000,1968000000,,,1968000000,-1092000000,,-11656000000,4905000000,0.19872476089266738
MO,0000764180,2009,,4373000000,4605000000,,1547000000,9786000000,232000000,386000000,11076000000,7142000000,3105000000,,135000000,6839000000,6974000000,3869000000,,694000000,,0.1365040148239654
MO,0000764180,2010,,4882000000,5097000000,237000000,1699000000,4930000000,215000000,241000000,5773000000,7992000000,4842000000,0,775000000,11185000000,11960000000,7118000000,,-7836000000,-8530000000,0.2562980841755921
MO,0000764180,2011,,5462000000,5753000000,1189000000,1669000000,3206000000,291000000,273000000,5981000000,6840000000,7916000000,0,600000000,12194000000,12794000000,4878000000,,-9375000000,-1539000000,0.34235897435897433
MO,0000764180,2012,,6228000000,6504000000,1136000000,1816000000,,276000000,168000000,6920000000,7432000000,1871000000,,600000000,13089000000,13689000000,11818000000,,-2983000000,6392000000,
MO,0000764180,2013,,6068000000,6321000000,1220000000,2189000000,3390000000,253000000,105000000,6315000000,8259000000,2314000000,,1459000000,12419000000,13878000000,11564000000,,-5717000000,-2734000000,0.3923642229790285
MO,0000764180,2014,,7253000000,7478000000,1128000000,2294000000,4180000000,225000000,124000000,6590000000,7058000000,3270000000,0,525000000,13992000000,14517000000,11247000000,,-4263000000,1454000000,0.3543404386777881
MO,0000764180,2015,,8084000000,8296000000,1053000000,2407000000,4535000000,212000000,131000000,6878000000,7673000000,2900000000,0,1000000000,13693000000,14693000000,11793000000,,-4695000000,-432000000,0.34673004897723997
MO,0000764180,2016,,7620000000,7828000000,857000000,2704000000,5070000000,208000000,163000000,4911000000,7070000000,3175000000,0,4000000,12843000000,12847000000,9672000000,,-5338000000,-643000000,0.34782608695652173
MO,0000764180,2017,,8361000000,8586000000,808000000,2835000000,5241000000,225000000,229000000,7260000000,7375000000,3321000000,0,0,13881000000,13881000000,10560000000,,-3436000000,1902000000,0.35104011887072806
MO,0000764180,2018,25744000000,8761000000,8965000000,754000000,7608000000,14239000000,204000000,189000000,4344000000,6792000000,4569000000,0,864000000,13030000000,13894000000,9325000000,,-7881000000,-4445000000,0.34824003295647
MO,0000764180,2019,25576000000,9593000000,9802000000,736000000,-399000000,10222000000,209000000,199000000,4299000000,21193000000,1253000000,12704000000,1144000000,11898000000,25746000000,24493000000,,-31995000000,-24114000000,-0.04061895551257253
MO,0000764180,2020,25364000000,9115000000,9342000000,697000000,2374000000,6963000000,227000000,238000000,4824000000,8174000000,1333000000,0,1000000000,27042000000,28042000000,26709000000,,-5683000000,26312000000,0.2542572560779694
MO,0000764180,2021,25110000000,10326000000,10552000000,1322000000,2064000000,-1293000000,226000000,246000000,7117000000,9063000000,2117000000,0,1500000000,27971000000,29471000000,27354000000,,-5563000000,120000000,2.67704280155642
MO,0000764180,2022,26153000000,10873000000,11130000000,1223000000,2436000000,4467000000,257000000,231000000,6083000000,8579000000,4945000000,0,1105000000,26939000000,28044000000,23099000000,,-8546000000,-2983000000,0.35289004780530203
MO,0000764180,2023,26013000000,11560000000,11804000000,1188000000,1349000000,2475000000,244000000,169000000,7220000000,8616000000,4544000000,0,1556000000,25124000000,26680000000,22136000000,,-7496000000,1050000000,0.35277196652719667
MO,0000764180,2024,25096000000,11919000000,12145000000,,1625000000,5764000000,226000000,205000000,5585000000,11319000000,4030000000,0,1121000000,25112000000,26233000000,22203000000,,-10885000000,-3389000000,0.21992150493977533
EL,0001001250,2011,,418400000,672400000,,115900000,218400000,254000000,279800000,3121000000,1572200000,401700000,23400000,,1205000000,1228400000,826700000,,1123700000,,0.3466945857014658
EL,0001001250,2012,,789900000,1053600000,,205900000,191100000,263700000,270600000,3686500000,1943300000,864500000,138000000,,,138000000,-726500000,,740700000,-383000000,0.518639798488665
EL,0001001250,2013,,1089400000,1383800000,,321700000,278600000,294400000,351000000,3855100000,2125800000,1120700000,219000000,,,219000000,-901700000,,389600000,-351100000,0.5358987173080126
EL,0001001250,2014,,1311700000,1607500000,,400600000,299500000,295800000,420700000,4297200000,1934600000,1253000000,18300000,,,18300000,-1234700000,,1091300000,701700000,0.5722039708613055
EL,0001001250,2015,,1526000000,1862900000,63100000,451400000,300700000,336900000,461000000,4825200000,2056700000,1347700000,18400000,,,18400000,-1329300000,,1402400000,311100000,0.6001861454593804
EL,0001001250,2016,,1827600000,2212200000,59400000,567700000,228100000,384600000,510200000,4183600000,2129800000,1495700000,29800000,,,29800000,-1465900000,,528300000,-874100000,0.7133701935159588
EL,0001001250,2017,,1606000000,2015000000,60000000,467000000,309000000,409000000,473000000,4225000000,2681000000,1629000000,332000000,,,332000000,-1297000000,,-417000000,-945300000,0.6018041237113402
EL,0001001250,2018,,1610000000,2025000000,71000000,434000000,294000000,415000000,525000000,4964000000,2823000000,1021000000,189000000,,,189000000,-832000000,,931000000,1348000000,0.5961538461538461
EL,0001001250,2019,11824000000,1704000000,2168000000,103000000,361000000,427000000,464000000,504000000,6168000000,3310000000,,183000000,,,183000000,,,2675000000,1744000000,0.4581218274111675
EL,0001001250,2020,13683000000,2055000000,2586000000,128000000,863000000,1108000000,531000000,629000000,7212000000,4605000000,,516000000,,,516000000,,,2091000000,-584000000,0.4378488077118214
EL,0001001250,2021,14863000000,2313000000,2870000000,133000000,513000000,,557000000,744000000,8892000000,5179000000,,1222000000,,,1222000000,,,2491000000,400000000,
EL,0001001250,2022,14294000000,606000000,1217000000,161000000,350000000,,611000000,623000000,9768000000,5298000000,,32000000,,,32000000,,,4438000000,1947000000,
EL,0001001250,2023,16215000000,2618000000,3269000000,173000000,456000000,,651000000,637000000,9298000000,5815000000,,268000000,,,268000000,,,3215000000,-1223000000,
EL,0001001250,2024,17737000000,3170000000,3897000000,167000000,628000000,,727000000,1040000000,9139000000,6240000000,,997000000,,,997000000,,,1902000000,-1313000000,
EL,0001001250,2025,15910000000,1509000000,2253000000,,387000000,,744000000,1003000000,7922000000,5702000000,,504000000,,,504000000,,,1716000000,-186000000,
KMB,0000055785,2009,,2616000000,,265000000,537000000,1823000000,,,5813000000,4752000000,361000000,1083000000,,,1083000000,722000000,,-383000000,,0.22754237288135593
KMB,0000055785,2010,,2547000000,,304000000,618000000,1690000000,,,5864000000,4923000000,473000000,610000000,503000000,,1113000000,640000000,,-645000000,-262000000,0.26776429809358754
KMB,0000055785,2011,,2825000000,,275000000,746000000,1884000000,,,6328000000,5338000000,364000000,344000000,265000000,,609000000,245000000,,17000000,662000000,0.28365019011406845
KMB,0000055785,2012,,2773000000,,243000000,788000000,1843000000,,,6283000000,5397000000,798000000,706000000,619000000,,1325000000,527000000,,-1237000000,-1254000000,0.2995058912960851
KMB,0000055785,2013,,2442000000,,277000000,660000000,1591000000,,,6589000000,6091000000,876000000,1115000000,756000000,5070000000,6941000000,6065000000,,-2249000000,-1012000000,0.2932030208796091
KMB,0000055785,2014,,2377000000,,285000000,660000000,1750000000,,,6550000000,5848000000,764000000,375000000,312000000,5386000000,6073000000,5309000000,,-749000000,1500000000,0.27385892116182575
KMB,0000055785,2015,,2903000000,,282000000,828000000,2142000000,,,5559000000,6226000000,1106000000,1326000000,549000000,5630000000,7505000000,6399000000,,-3648000000,-2899000000,0.2787878787878788
KMB,0000055785,2016,,2521000000,3383000000,284000000,856000000,1526000000,862000000,,5426000000,6349000000,1054000000,1669000000,598000000,6106000000,8373000000,7319000000,,-4244000000,-596000000,0.3593618807724601
KMB,0000055785,2017,,1613000000,2359000000,295000000,418000000,1013000000,746000000,,5115000000,5846000000,789000000,1133000000,,,1133000000,344000000,,-2653000000,1591000000,0.2921034241788959
KMB,0000055785,2018,,3383000000,4088000000,319000000,922000000,2166000000,705000000,,5211000000,5858000000,619000000,953000000,,,953000000,334000000,,-2219000000,434000000,0.29857512953367876
KMB,0000055785,2019,18348000000,3358000000,4082000000,318000000,776000000,2278000000,724000000,,5041000000,6536000000,923000000,1208000000,,,1208000000,285000000,,-3626000000,-1407000000,0.2540929927963327
KMB,0000055785,2020,18486000000,2229000000,3111000000,263000000,471000000,1410000000,882000000,,5057000000,6919000000,616000000,1534000000,,,1534000000,918000000,,-4012000000,-386000000,0.2503987240829346
KMB,0000055785,2021,18450000000,2991000000,3908000000,261000000,576000000,2157000000,917000000,,5174000000,6443000000,539000000,486000000,,,486000000,-53000000,,-2294000000,1718000000,0.21075740944017562
KMB,0000055785,2022,19140000000,3244000000,4040000000,252000000,676000000,2352000000,796000000,,5565000000,6749000000,270000000,433000000,,,433000000,163000000,,-1887000000,407000000,0.22324966974900926
KMB,0000055785,2023,19440000000,2561000000,3327000000,256000000,479000000,1814000000,766000000,,5729000000,7334000000,427000000,844000000,,,844000000,417000000,,-2876000000,-989000000,0.20889664195377236
KMB,0000055785,2024,20175000000,2681000000,3435000000,282000000,495000000,1934000000,754000000,,5703000000,6930000000,1093000000,567000000,,,567000000,-526000000,,-2887000000,-11000000,0.20378756689995883
GIS,0000040704,2010,,2229200000,,399700000,622200000,1294700000,,522000000,3534900000,3606000000,417100000,812200000,508500000,,1320700000,903600000,,-1808900000,,0.3245865720694872
GIS,0000040704,2011,,2325000000,,382800000,720400000,1304400000,,562600000,3480000000,3769100000,661000000,1050100000,107300000,5375800000,6533200000,5872200000,,-2107500000,-298600000,0.3557882259976294
GIS,0000040704,2012,,2606100000,3063200000,401600000,771200000,1530500000,457100000,649900000,3902000000,3659200000,619600000,311300000,1031300000,,1342600000,723000000,,-1719400000,388100000,0.3350566972237911
GIS,0000040704,2013,,2774500000,3247100000,346300000,721100000,1798300000,472600000,648800000,3691400000,3843200000,471200000,526500000,741200000,,1267700000,796500000,,-1890700000,-171300000,0.2862189410177026
GIS,0000040704,2014,,2562400000,3103900000,351900000,709600000,1567300000,541500000,675900000,4298900000,5293900000,741400000,599700000,1443300000,,2043000000,1301600000,,-3779400000,-1888700000,0.31165180728183056
GIS,0000040704,2015,,2851800000,3439800000,316900000,741200000,1855200000,588000000,613900000,4393500000,5423500000,867300000,1111700000,1250600000,,2362300000,1495000000,,-4259600000,-480200000,0.2854721922662148
GIS,0000040704,2016,,2957400000,3542800000,302400000,883300000,1824400000,585400000,663500000,3685600000,4890100000,334200000,615800000,1000400000,,1616200000,1282000000,,-3154900000,1104700000,0.32621782324482035
GIS,0000040704,2017,,2077300000,2665600000,315400000,586800000,1221300000,588300000,712400000,3937200000,5014700000,763700000,269800000,1103400000,,1373200000,609500000,,-3214400000,-59500000,0.3245395719263315
GIS,0000040704,2018,,2707400000,3315500000,303800000,755200000,1697400000,608100000,729300000,4061400000,5330800000,334200000,1234100000,604700000,,1838800000,1504600000,,-3442400000,-228000000,0.307918127701215
GIS,0000040704,2019,,2492100000,3095700000,295100000,655200000,1657500000,603600000,684400000,4123700000,7341900000,763700000,1549800000,1600100000,,3149900000,2386200000,,-7131800000,-3689400000,0.28330522765598654
GIS,0000040704,2020,,2419900000,3038700000,373700000,57300000,2131000000,618800000,622700000,4186500000,7087100000,766100000,1468700000,1396500000,,2865200000,2099100000,,-6531900000,599900000,0.02618470959192067
GIS,0000040704,2021,2043900000,2515900000,3136000000,521800000,367800000,1752700000,620100000,537600000,5121300000,7491500000,399000000,279000000,2331500000,,2610500000,2211500000,,-5379700000,1152200000,0.17344965809950483
GIS,0000040704,2022,2045600000,2953900000,3548600000,466500000,480500000,2181200000,594700000,460800000,5754500000,8265800000,1505200000,361300000,2463800000,,2825100000,1319900000,,-6841600000,-1461900000,0.18052372543862943
GIS,0000040704,2023,2189200000,3144800000,3746100000,420300000,629100000,2339800000,601300000,530800000,5089800000,8019900000,569400000,811400000,1674200000,,2485600000,1916200000,,-5985100000,856500000,0.21189666206339047
GIS,0000040704,2024,2134300000,3475800000,4046100000,379600000,586300000,2707300000,570300000,568700000,5176400000,7535700000,585500000,31700000,1709100000,,1740800000,1155300000,,-4685600000,1299500000,0.1780119018702939
GIS,0000040704,2025,,3433800000,3980400000,382100000,612200000,2593900000,546600000,689500000,4580900000,7033100000,418000000,11800000,1614100000,,1625900000,1207900000,,-4496100000,189500000,0.19094850441346184
HSY,0000047111,2009,,,,,126088000,214154000,,189698000,1344945000,1270212000,97141000,483120000,18384000,,501504000,404363000,,-523912000,,0.3705832907166076
HSY,0000047111,2010,,,,,180617000,311405000,,262643000,1385434000,910628000,129198000,24066000,15247000,,39313000,-89885000,,306295000,830207000,0.36709130892521064
HSY,0000047111,2011,,,,,,,182411000,126324000,2005217000,1298845000,37103000,24088000,261392000,,285480000,248377000,,383789000,77494000,
HSY,0000047111,2012,,,,97704000,299065000,,197116000,179538000,2046558000,1173775000,253605000,42080000,97593000,1748500000,1888173000,1634568000,,479505000,95716000,
HSY,0000047111,2013,1400000000,,,94780000,333883000,628962000,215763000,323961000,2113485000,1471110000,884642000,118164000,257734000,1530967000,1906865000,1022223000,,-618165000,-1097670000,0.3467671328199243
HSY,0000047111,2014,,1707506000,1917543000,98509000,354648000,660931000,210037000,258727000,2487334000,1408022000,693686000,165961000,914000,1795142000,1962017000,1268331000,,218751000,836916000,0.34920769334537244
HSY,0000047111,2015,,1338051000,1539084000,91514000,430849000,820470000,201033000,323551000,2247047000,1935647000,728272000,384696000,250805000,1542317000,2177818000,1449546000,,-1052373000,-1271124000,0.34431587788565504
HSY,0000047111,2016,,1392261000,1603793000,87598000,459131000,846912000,211532000,370789000,1848598000,2217912000,1118508000,363513000,499923000,1557091000,2420527000,1302019000,,-2351258000,-1298885000,0.3515435556103436
HSY,0000047111,2017,,1037759000,1282687000,109309000,388896000,512951000,244928000,356810000,1816778000,1909443000,374854000,632471000,243000,2347455000,2980169000,2605315000,,-1100233000,1251025000,0.43122170390321196
HSY,0000047111,2018,7440181000,1255173000,1557010000,91948000,379437000,720044000,301837000,269476000,2001910000,2076543000,346529000,559359000,300098000,2061023000,2920480000,2573951000,,-1280619000,-180386000,0.34510555434791507
HSY,0000047111,2019,1971959000,1313409000,1575262000,100066000,354131000,782981000,261853000,257675000,2239181000,2418566000,,1197929000,5387000,3254280000,4457596000,,,-1382701000,-102082000,0.31143018453767085
HSY,0000047111,2020,7791069000,1623664000,1918808000,146858000,239010000,1177562000,295144000,328601000,2117102000,2008793000,,32282000,703390000,3530813000,4266485000,,,-627363000,755338000,0.16872421592407585
HSY,0000047111,2021,,1595952000,1887496000,152122000,234032000,1149692000,291544000,318192000,2977905000,1891745000,,74041000,,,74041000,,,1012119000,1639482000,0.1691319945307012
HSY,0000047111,2022,,1782698000,2077605000,153471000,219584000,1278708000,294907000,441626000,2246206000,2493313000,,939423000,,,939423000,,,-1186530000,-2198649000,0.14655621200673835
HSY,0000047111,2023,,2043722000,2358724000,129846000,314405000,1477512000,315002000,495877000,2620406000,3257154000,,693790000,,,693790000,,,-1330538000,-144008000,0.17545734540160063
HSY,0000047111,2024,,2260787000,2639746000,140095000,272254000,1644817000,378959000,519481000,2912103000,3008352000,,719839000,,,719839000,,,-816088000,514450000,0.14201560609909597
K,0000055067,2009,,1868000000,2240000000,,444000000,1103000000,372000000,472000000,2521000000,3552000000,411000000,,,,,,,-1442000000,,0.2870071105365223
K,0000055067,2010,,1953000000,2328000000,,485000000,1148000000,375000000,461000000,2558000000,2288000000,524000000,,,,,,,-254000000,1188000000,0.2969993876301286
K,0000055067,2011,,2001000000,2385000000,,476000000,1212000000,384000000,377000000,2915000000,3184000000,255000000,,,,,,,-524000000,-270000000,0.28199052132701424
K,0000055067,2012,,2037000000,2429000000,,510000000,1287000000,392000000,474000000,3069000000,3313000000,334000000,,,,,,,-578000000,-54000000,0.2838063439065108
K,0000055067,2013,,1427000000,1796000000,,320000000,866000000,369000000,594000000,3380000000,4523000000,444000000,,,,,,,-1587000000,-1009000000,0.26981450252951095
K,0000055067,2014,,1562000000,2010000000,,363000000,961000000,448000000,533000000,3267000000,3835000000,460000000,,,,,,,-1028000000,559000000,0.27416918429003023
K,0000055067,2015,,2837000000,3369000000,,792000000,1807000000,532000000,637000000,3340000000,4364000000,281000000,,,,,,,-1305000000,-277000000,0.30473258945748366
K,0000055067,2016,,1024000000,1527000000,,186000000,632000000,503000000,582000000,3236000000,5739000000,273000000,,,,,,,-2776000000,-1471000000,0.2273838630806846
K,0000055067,2017,,1091000000,1625000000,,159000000,614000000,534000000,553000000,2940000000,4474000000,443000000,,,,,,,-1977000000,799000000,0.2056921086675291
K,0000055067,2018,12965000000,1483000000,2000000000,256000000,235000000,699000000,517000000,507000000,3036000000,4522000000,251000000,,,,,,,-1737000000,240000000,0.25160599571734477
K,0000055067,2019,12854000000,1387000000,1868000000,287000000,410000000,1254000000,481000000,501000000,3157000000,4529000000,280000000,,,,,,,-1652000000,85000000,0.24639423076923078
K,0000055067,2020,13547000000,1706000000,2222000000,16000000,181000000,1336000000,516000000,578000000,3431000000,4778000000,281000000,620000000,,,620000000,339000000,,-2248000000,-596000000,0.11931443638760712
K,0000055067,2021,13578000000,1401000000,1885000000,284000000,321000000,960000000,484000000,586000000,3482000000,5238000000,321000000,627000000,627000000,6746000000,8000000000,7679000000,,-3331000000,-1083000000,0.2505854800936768
K,0000055067,2022,13770000000,1761000000,2240000000,281000000,323000000,1251000000,479000000,505000000,3394000000,5315000000,286000000,712000000,712000000,6262000000,7686000000,7400000000,,-3631000000,-300000000,0.20520965692503176
K,0000055067,2023,11747000000,1383000000,1850000000,205000000,353000000,1488000000,467000000,553000000,4186000000,6349000000,299000000,780000000,780000000,5317000000,6877000000,6578000000,,-4022000000,-391000000,0.19174361759913092
K,0000055067,2024,12653000000,1211000000,1689000000,201000000,180000000,960000000,478000000,488000000,3330000000,5060000000,274000000,663000000,663000000,5089000000,6415000000,6141000000,,-3330000000,692000000,0.15789473684210525
DIS,0001744489,2019,55137000000,14775000000,17557000000,507000000,4422000000,8980000000,2782000000,3623000000,16825000000,17860000000,4017000000,,3790000000,17084000000,20874000000,16857000000,,-8842000000,,0.32995075361886284
DIS,0001744489,2020,59434000000,15689000000,18700000000,682000000,1663000000,12598000000,3011000000,4465000000,28124000000,31341000000,4150000000,,8857000000,38129000000,46986000000,42836000000,,-16224000000,-7382000000,0.11661173830727158
DIS,0001744489,2021,69607000000,14847000000,19014000000,1246000000,3026000000,11054000000,4167000000,4876000000,35251000000,26628000000,5418000000,,5711000000,52917000000,58628000000,53210000000,,-2506000000,13718000000,0.21491477272727272
DIS,0001744489,2022,65388000000,8108000000,13453000000,1647000000,699000000,-2864000000,5345000000,4022000000,33657000000,31077000000,17914000000,,5866000000,48540000000,54406000000,36492000000,,-21200000000,-18694000000,
DIS,0001744489,2023,67418000000,7766000000,12877000000,-1546000000,25000000,1995000000,5111000000,3578000000,29098000000,29073000000,15959000000,,3070000000,45299000000,48369000000,32410000000,,-19004000000,2196000000,0.012376237623762377
DIS,0001744489,2024,82722000000,12121000000,17284000000,-1549000000,1732000000,3145000000,5163000000,4943000000,32763000000,31139000000,11615000000,,4330000000,42101000000,46431000000,34816000000,,-14321000000,4683000000,0.35513635431617796
NFLX,0001065280,2009,1205340000,91773000,,1188000,44317000,66608000,,44256000,358925000,216017000,400430000,,,0,,,,-257522000,,0.3995221996844715
NFLX,0001065280,2010,1364661000,121506000,,2458000,48474000,83026000,,43790000,411013000,227436000,177439000,,,,,,,6138000,263660000,0.3686235741444867
NFLX,0001065280,2011,1670269000,191939000,,6475000,76332000,115860000,,45932000,637231000,388579000,139881000,,,,,,,108771000,102633000,0.39716533466533466
NFLX,0001065280,2012,2162625000,283641000,,19629000,106843000,160853000,,33837000,1830857000,1225055000,134224000,,,,,,,471578000,362807000,0.399120644312952
NFLX,0001065280,2013,3204577000,376068000,419815000,20025000,133396000,226126000,43747000,49682000,2240791000,1675926000,194499000,,,200000000,200000000,5501000,,370366000,-101212000,0.37103709925957246
NFLX,0001065280,2014,3609282000,49992000,95461000,19986000,13328000,17152000,45469000,40278000,3058763000,2154203000,508053000,,,500000000,500000000,-8053000,,396507000,26141000,0.4372703412073491
NFLX,0001065280,2015,4374562000,228347000,276721000,29142000,58671000,112403000,48374000,54143000,3927053000,2663154000,290291000,,,885849000,885849000,595558000,,973608000,577101000,0.342956849082853
NFLX,0001065280,2016,5504656000,402648000,456676000,50219000,82570000,266799000,54028000,69726000,5431840000,3529624000,604965000,,,2371362000,2371362000,1766397000,,1297251000,323643000,0.23634037364505722
NFLX,0001065280,2017,6779511000,305826000,368109000,132716000,19244000,122641000,62283000,91248000,5720291000,4586657000,1113608000,,,3364311000,3364311000,2250703000,,20026000,-1277225000,0.1356309687422913
NFLX,0001065280,2018,1957736000,49453000,106981000,150114000,73829000,186678000,57528000,107653000,7669974000,5466312000,2822795000,,,6499432000,6499432000,3676637000,,-619133000,-639159000,0.28340505245540426
NFLX,0001065280,2019,11692713000,838679000,910590000,238204000,-73608000,558929000,71911000,173302000,9694135000,6487320000,3794483000,,,10360058000,10360058000,6565575000,,-587668000,31465000,-0.1516686893829033
NFLX,0001065280,2020,15794341000,1605226000,1688383000,420493000,15216000,1211242000,83157000,173946000,6178504000,6855696000,5018437000,0,,14759260000,14759260000,9740823000,,-5695629000,-5107961000,0.012406458272521358
NFLX,0001065280,2021,20156447000,2604254000,2707833000,626023000,195315000,1866916000,103579000,253035000,9761580000,7805785000,8205550000,499878000,,15809095000,16308973000,8103423000,,-6749633000,-1054004000,0.09471053436787634
NFLX,0001065280,2022,24996056000,4585289000,4700999000,767499000,437954000,2761395000,115710000,497923000,8069825000,8488966000,6027804000,699823000,,14693072000,15392895000,9365091000,,-7146768000,-397135000,0.13688847324877654
NFLX,0001065280,2023,29697844000,6194509000,6402921000,765620000,723875000,5116228000,208412000,524585000,9266473000,7930974000,5147176000,0,,14353076000,14353076000,9205900000,,-3811677000,3335091000,0.1239490125431007
NFLX,0001065280,2024,31615550000,5632831000,5969513000,,772005000,4491924000,336682000,407729000,9918133000,8860655000,7116913000,399844000,,14143417000,14543261000,7426348000,,-6459279000,-2647602000,0.14665946292208729
CMCSA,0001166691,2009,31060000000,5578000000,,2289000000,1800000000,2587000000,,6158000000,3716000000,8939000000,1239000000,2278000000,,30178000000,32456000000,31217000000,,-8740000000,,0.4103031684522453
CMCSA,0001166691,2010,34423000000,6732000000,,2439000000,1533000000,2547000000,,5750000000,3223000000,7249000000,963000000,1156000000,,27940000000,29096000000,28133000000,,-6145000000,2595000000,0.37573529411764706
CMCSA,0001166691,2011,35756000000,7214000000,,2348000000,1478000000,3638000000,,5117000000,8886000000,8234000000,1195000000,1800000000,,29615000000,31415000000,30220000000,,-2343000000,3802000000,0.2888975762314308
CMCSA,0001166691,2012,37937000000,7980000000,,2156000000,2436000000,3635000000,,4961000000,8573000000,13241000000,671000000,1367000000,,37942000000,39309000000,38638000000,,-6706000000,-4363000000,0.4012518530719816
CMCSA,0001166691,2013,55842000000,10721000000,,2505000000,3050000000,4160000000,,5307000000,19991000000,16714000000,5984000000,2376000000,,38082000000,40458000000,34474000000,,-5083000000,1623000000,0.42302357836338417
CMCSA,0001166691,2014,62570000000,12179000000,,2521000000,3744000000,6203000000,,5714000000,14075000000,18912000000,1620000000,3280000000,,44567000000,47847000000,46227000000,,-9737000000,-4654000000,0.37639489293254247
CMCSA,0001166691,2015,64657000000,13563000000,,2574000000,3980000000,6816000000,,6596000000,13531000000,17410000000,10951000000,4217000000,,43864000000,48081000000,37130000000,,-19047000000,-9310000000,0.36865505742867727
CMCSA,0001166691,2016,68775000000,14904000000,,2617000000,3873000000,8380000000,,7420000000,12303000000,18178000000,1718000000,3627000000,,48994000000,52621000000,50903000000,,-11220000000,7827000000,0.31608585652493265
CMCSA,0001166691,2017,74510000000,15998000000,,2702000000,4959000000,8163000000,,8499000000,16361000000,21535000000,3910000000,5480000000,,55566000000,61046000000,57136000000,,-14564000000,-3344000000,0.3779149519890261
CMCSA,0001166691,2018,80736000000,16831000000,,2942000000,5298000000,8678000000,,9135000000,16343000000,21993000000,3428000000,5134000000,,59422000000,64556000000,61128000000,,-14212000000,352000000,0.37907842014882653
CMCSA,0001166691,2019,85029000000,18018000000,,3086000000,-7569000000,22735000000,,9550000000,21848000000,27603000000,3814000000,4398000000,,107345000000,111743000000,107929000000,,-13967000000,245000000,-0.49907688250032967
CMCSA,0001166691,2020,94507000000,19009000000,,3542000000,3380000000,11731000000,,9774000000,25392000000,30292000000,5500000000,4452000000,,97765000000,102217000000,96717000000,,-14852000000,-885000000,0.2236781152802594
CMCSA,0001166691,2021,108942000000,21125000000,34078000000,4567000000,3673000000,13057000000,12953000000,9953000000,26741000000,28796000000,11740000000,,3146000000,100614000000,103760000000,92020000000,,-16941000000,-2089000000,0.2195457262402869
CMCSA,0001166691,2022,103564000000,17493000000,30593000000,4588000000,3364000000,10534000000,13100000000,9179000000,24807000000,29348000000,8711000000,2132000000,,92718000000,94850000000,86139000000,,-15384000000,1557000000,0.24204921571449128
CMCSA,0001166691,2023,116385000000,20817000000,34621000000,4281000000,5259000000,14159000000,13804000000,9174000000,21826000000,27887000000,4749000000,1743000000,,93068000000,94811000000,90062000000,,-12553000000,2831000000,0.27083118755793595
CMCSA,0001166691,2024,,14041000000,27862000000,,4359000000,5370000000,13821000000,10626000000,23987000000,40198000000,6215000000,2069000000,,95021000000,97090000000,90875000000,,-24495000000,-11942000000,0.4480419364785692
T,0000732717,2009,118928000000,20404000000,41981000000,3507000000,6252000000,11951000000,21577000000,,22556000000,42290000000,2418000000,14119000000,,60872000000,74991000000,72573000000,,-36271000000,,0.343459869252321
T,0000732717,2010,123443000000,-1690000000,17983000000,3369000000,-2210000000,-2625000000,19673000000,,25187000000,36951000000,1905000000,7361000000,7328000000,64720000000,79409000000,77504000000,,-28358000000,7913000000,
T,0000732717,2011,122513000000,21000000000,40515000000,3368000000,6091000000,12138000000,19515000000,,20854000000,34854000000,1727000000,7196000000,5544000000,58971000000,71711000000,69984000000,,-28467000000,-109000000,0.33413791211805366
T,0000732717,2012,124280000000,19573000000,38952000000,2994000000,-1162000000,19864000000,19379000000,,22985000000,30892000000,3277000000,3453000000,,,3453000000,176000000,,-14637000000,13830000000,-0.06213239225751257
T,0000732717,2013,126723000000,9218000000,27595000000,3535000000,2532000000,3944000000,18377000000,20110000000,22706000000,31787000000,1201000000,3486000000,,,3486000000,2285000000,,-13768000000,869000000,0.390982087708462
T,0000732717,2014,127434000000,12997000000,31140000000,3444000000,2900000000,7264000000,18143000000,19465000000,23196000000,34995000000,3045000000,5498000000,,,5498000000,2453000000,,-20342000000,-6574000000,0.28532073986619444
T,0000732717,2015,128752000000,30752000000,49147000000,3940000000,9328000000,18418000000,18395000000,20944000000,33606000000,37282000000,4868000000,6056000000,,,6056000000,1188000000,,-14600000000,5742000000,0.3361926043393642
T,0000732717,2016,132447000000,12212000000,30485000000,3613000000,3619000000,,18273000000,21199000000,35992000000,47816000000,3339000000,7636000000,,,7636000000,4297000000,,-22799000000,-8199000000,
T,0000732717,2017,146801000000,24785000000,46801000000,4120000000,7005000000,13345000000,22016000000,19218000000,38369000000,50576000000,8603000000,9832000000,,,9832000000,1229000000,,-30642000000,-7843000000,0.34422604422604425
T,0000732717,2018,163786000000,23543000000,49390000000,4910000000,6479000000,12976000000,25847000000,,79146000000,81389000000,5121000000,38374000000,,,38374000000,33253000000,,-45738000000,-15096000000,0.33302492932408123
T,0000732717,2019,38038000000,6201000000,30588000000,6300000000,-14708000000,4662000000,24387000000,,51427000000,64420000000,5788000000,10255000000,,,10255000000,4467000000,,-29036000000,16702000000,
T,0000732717,2020,170756000000,26096000000,54526000000,7957000000,4920000000,19370000000,28430000000,,54761000000,68911000000,50498000000,11838000000,,,11838000000,-38660000000,,-76486000000,-47450000000,0.20255249073692877
T,0000732717,2021,181193000000,27955000000,56172000000,8422000000,3493000000,13903000000,28217000000,,52008000000,63438000000,5204000000,3470000000,,,3470000000,-1734000000,,-20104000000,56382000000,0.20079328581283054
T,0000732717,2022,143050000000,8372000000,30895000000,7727000000,1168000000,-5176000000,22523000000,,170768000000,106230000000,9702000000,24620000000,,,24620000000,14918000000,,30216000000,50320000000,
T,0000732717,2023,134038000000,25897000000,43749000000,6716000000,5395000000,20081000000,17852000000,,33108000000,56173000000,7924000000,7467000000,,,7467000000,-457000000,,-38456000000,-68672000000,0.21176793845187628
T,0000732717,2024,120741000000,-4587000000,13434000000,,3780000000,-8524000000,18021000000,,36458000000,51127000000,19223000000,9477000000,,,9477000000,-9746000000,,-43369000000,-4913000000,
VZ,0000732712,2009,93469000000,15578000000,,1829000000,3982000000,5521000000,,,26075000000,25906000000,3219000000,,,,,,,-3050000000,,0.4190255708723561
VZ,0000732712,2010,97354000000,2612000000,15839000000,1819000000,-2319000000,-2193000000,13227000000,,21745000000,29136000000,1153000000,,6105000000,55051000000,61156000000,60003000000,,-14649000000,-11599000000,
VZ,0000732712,2011,107808000000,15978000000,30542000000,3102000000,1919000000,4894000000,14564000000,,22348000000,30597000000,9782000000,,7542000000,45252000000,52794000000,43012000000,,-25573000000,-10924000000,0.28166740055775724
VZ,0000732712,2012,106565000000,14645000000,29238000000,2523000000,2467000000,2549000000,14593000000,,30939000000,30761000000,2009000000,,2915000000,50303000000,53218000000,51209000000,,-4746000000,20827000000,0.4918261562998405
VZ,0000732712,2013,110875000000,12880000000,27871000000,2827000000,285000000,2404000000,14991000000,,21235000000,26956000000,6668000000,,3869000000,47618000000,51487000000,44819000000,,-16258000000,-11512000000,0.10598735589438453
VZ,0000732712,2014,115846000000,13160000000,28080000000,2571000000,-660000000,875000000,14920000000,,70994000000,27050000000,13362000000,447000000,,,447000000,-12915000000,,30135000000,46393000000,-3.0697674418604652
VZ,0000732712,2015,120550000000,31968000000,46987000000,2667000000,5730000000,11497000000,15019000000,,29499000000,27987000000,3093000000,19000000,,,19000000,-3074000000,,-1600000000,-31735000000,0.3326174029140303
VZ,0000732712,2016,127079000000,19599000000,34565000000,4915000000,3314000000,9625000000,14966000000,,22355000000,35052000000,53528000000,6000000,,,6000000,-53522000000,,-66231000000,-64631000000,0.25612489373212766
VZ,0000732712,2017,131620000000,33060000000,47383000000,4920000000,9865000000,17879000000,14323000000,,26395000000,30340000000,10598000000,,,,,,,-14543000000,51688000000,0.3555723760092272
VZ,0000732712,2018,125980000000,29249000000,43476000000,4376000000,7378000000,13127000000,14227000000,,29913000000,33037000000,2079000000,150000000,,,150000000,-1929000000,,-5353000000,9190000000,0.35981467934650085
VZ,0000732712,2019,126034000000,27425000000,42166000000,4733000000,-9956000000,30101000000,14741000000,,34636000000,37930000000,2745000000,150000000,,,150000000,-2595000000,,-6189000000,-836000000,-0.49421692727724004
VZ,0000732712,2020,130863000000,22278000000,37464000000,4833000000,3584000000,15528000000,15186000000,,37473000000,44868000000,2594000000,0,10777000000,,10777000000,8183000000,,-20766000000,-14577000000,0.18752616157388027
VZ,0000732712,2021,131868000000,30378000000,44749000000,4730000000,2945000000,19265000000,14371000000,4100000000,54594000000,39660000000,22171000000,320000000,5889000000,,6209000000,-15962000000,,-13446000000,7320000000,0.1325979288608735
VZ,0000732712,2022,128292000000,28798000000,43073000000,4247000000,5619000000,17801000000,14275000000,5900000000,36728000000,47160000000,2921000000,0,7443000000,,7443000000,4522000000,,-20796000000,-7350000000,0.23992314261315115
VZ,0000732712,2023,133613000000,32448000000,46567000000,3485000000,6802000000,22065000000,14119000000,6000000000,37857000000,50171000000,2605000000,150000000,9963000000,,10113000000,7508000000,,-25032000000,-4236000000,0.23563238299788686
VZ,0000732712,2024,136835000000,30467000000,45059000000,,6523000000,21256000000,14592000000,3800000000,36814000000,53223000000,2065000000,0,12973000000,,12973000000,10908000000,,-31447000000,-6415000000,0.234817668022607
TMUS,0001283699,2010,2751516000,467767000,723086000,179398000,129986000,149438000,255319000,954612000,1491391000,797469000,1470208000,,,,,,,-776286000,,0.46519268208886855
TMUS,0001283699,2011,,535288000,913144000,270285000,86835000,176844000,377856000,831674000,1593885000,802420000,697948000,,,,,,,93517000,869803000,0.3293208787958085
TMUS,0001283699,2012,,718898000,1168630000,263125000,118879000,193415000,449732000,790385000,2743593000,816723000,929381000,,,,,,,997489000,903972000,0.38066373353314503
TMUS,0001283699,2013,20618000000,-4279000000,-1297000000,0,-216000000,-4718000000,2982000000,2729000000,5541000000,5592000000,109000000,,,0,,,,-160000000,-1157489000,
TMUS,0001283699,2014,19719000000,-6397000000,-3210000000,0,350000000,-7336000000,3187000000,2901000000,12228000000,5808000000,390000000,,,14345000000,14345000000,13955000000,,6030000000,6190000000,
TMUS,0001283699,2015,24420000000,996000000,4623000000,545000000,16000000,35000000,3627000000,4025000000,13984000000,8776000000,394000000,,,16273000000,16273000000,15879000000,,4814000000,-1216000000,0.3137254901960784
TMUS,0001283699,2016,29564000000,1416000000,5828000000,1073000000,166000000,247000000,4412000000,4317000000,14890000000,9528000000,5891000000,,,20461000000,20461000000,14570000000,,-529000000,-5343000000,0.4019370460048426
TMUS,0001283699,2017,32467000000,2479000000,7167000000,1085000000,245000000,733000000,4688000000,4724000000,14217000000,9022000000,5315000000,,,21832000000,21832000000,16517000000,,-120000000,409000000,0.2505112474437628
TMUS,0001283699,2018,,4050000000,10293000000,1418000000,867000000,1460000000,6243000000,4702000000,8915000000,11515000000,4582000000,,,12121000000,12121000000,7539000000,,-7182000000,-7062000000,0.3725827245380318
TMUS,0001283699,2019,,4888000000,10872000000,,-1375000000,4536000000,5984000000,5237000000,8281000000,10267000000,1203000000,25000000,841000000,12124000000,12990000000,11787000000,,-4055000000,3127000000,-0.43498892755457136
TMUS,0001283699,2020,,5309000000,11795000000,,1029000000,2888000000,6486000000,5541000000,9305000000,12506000000,1528000000,25000000,25000000,10958000000,11008000000,9480000000,,-4779000000,-724000000,0.2627010467194281
TMUS,0001283699,2021,,5722000000,12338000000,,1135000000,3468000000,6616000000,6391000000,23885000000,21703000000,10385000000,4579000000,4579000000,61830000000,70988000000,60603000000,,-17361000000,-12582000000,0.24657831848794265
TMUS,0001283699,2022,,6636000000,20787000000,,786000000,3064000000,14151000000,11034000000,20891000000,23499000000,6631000000,3378000000,3378000000,67076000000,73832000000,67201000000,,-15995000000,1366000000,0.20415584415584415
TMUS,0001283699,2023,,6892000000,23275000000,,327000000,3024000000,16383000000,12326000000,19067000000,24742000000,4507000000,5164000000,,66796000000,71960000000,67453000000,,-15346000000,649000000,0.09758281110116383
TMUS,0001283699,2024,,6543000000,20194000000,,556000000,2590000000,13651000000,13970000000,19015000000,20928000000,5135000000,3619000000,,71399000000,75018000000,69883000000,,-10667000000,4679000000,0.17673235855054037
CHTR,0001091667,2012,7059000000,1024000000,2224000000,877000000,295000000,-237000000,1200000000,1209000000,357000000,1157000000,709000000,,,12856000000,12856000000,12147000000,,-1509000000,,5.086206896551724
CHTR,0001091667,2013,7204000000,1041000000,2341000000,963000000,299000000,-369000000,1300000000,1311000000,330000000,1224000000,4000000,,,12808000000,12808000000,12804000000,,-898000000,611000000,
CHTR,0001091667,2014,7504000000,915000000,2315000000,,257000000,-304000000,1400000000,1745000000,322000000,1467000000,2000000,,,14181000000,14181000000,14179000000,,-1147000000,-249000000,
CHTR,0001091667,2015,8155000000,909000000,2509000000,,120000000,-169000000,1600000000,1825000000,345000000,1635000000,7000000,,,20887000000,20887000000,20880000000,,-1297000000,-150000000,
CHTR,0001091667,2016,9108000000,971000000,2771000000,,236000000,-183000000,1800000000,2221000000,345000000,1972000000,21000000,,0,35723000000,35723000000,35702000000,,-1648000000,-351000000,4.452830188679245
CHTR,0001091667,2019,41581000000,4106000000,11906000000,,-9087000000,9895000000,7800000000,8681000000,2730000000,12095000000,551000000,,3290000000,69537000000,72827000000,72276000000,,-13206000000,-11558000000,-11.246287128712872
CHTR,0001091667,2020,43634000000,5221000000,13121000000,,180000000,1230000000,7900000000,9125000000,6471000000,12385000000,3483000000,,3500000000,75578000000,79078000000,75595000000,,-12897000000,309000000,0.1276595744680851
CHTR,0001091667,2021,45764000000,6511000000,14311000000,,439000000,1668000000,7800000000,7195000000,3909000000,9875000000,1001000000,,1008000000,81744000000,82752000000,81751000000,,-7975000000,4922000000,0.2083531086853346
CHTR,0001091667,2022,48097000000,8405000000,16205000000,,626000000,3222000000,7800000000,7415000000,3566000000,12458000000,601000000,,2997000000,88564000000,91561000000,90960000000,,-12490000000,-4515000000,0.16268191268191268
CHTR,0001091667,2023,51682000000,10526000000,18226000000,,1068000000,4654000000,7700000000,7635000000,4017000000,12065000000,645000000,,1510000000,96093000000,97603000000,96958000000,,-10203000000,2287000000,0.18664802516602585
CHTR,0001091667,2024,54022000000,11962000000,19562000000,,1613000000,5055000000,7600000000,9376000000,4132000000,13214000000,709000000,,2000000000,95777000000,97777000000,97068000000,,-11791000000,-1588000000,0.2419016196760648
EA,0000712515,2009,,-487000000,,,-53000000,-454000000,,,3120000000,1136000000,1371000000,,,,,,,613000000,,
EA,0000712515,2010,,-827000000,-710000000,,233000000,-1088000000,117000000,,2585000000,1574000000,1553000000,,,,,,,-542000000,-1155000000,
EA,0000712515,2011,,-686000000,-563000000,2000000,-29000000,-677000000,123000000,,3032000000,2001000000,1621000000,,,,,,,-590000000,-48000000,
EA,0000712515,2012,,-312000000,-208000000,1000000,-3000000,-276000000,104000000,,2609000000,2120000000,1273000000,,,,,,,-784000000,-194000000,
EA,0000712515,2013,,35000000,137000000,20000000,-58000000,76000000,102000000,,2325000000,1917000000,1579000000,,,,,,,-1171000000,-387000000,-3.2222222222222223
EA,0000712515,2015,,121000000,239000000,29000000,41000000,98000000,118000000,,3138000000,2390000000,1293000000,,,,,,,-545000000,626000000,0.2949640287769784
EA,0000712515,2016,,33000000,159000000,30000000,-1000000,8000000,126000000,,3720000000,2747000000,1292000000,,,,,,,-319000000,226000000,-0.14285714285714285
EA,0000712515,2017,,948000000,1074000000,31000000,50000000,875000000,126000000,,4354000000,2418000000,1782000000,,,,,,,154000000,473000000,0.05405405405405406
EA,0000712515,2018,,898000000,1017000000,28000000,-279000000,1156000000,119000000,,5199000000,2415000000,2068000000,,,,,,,716000000,562000000,-0.3181299885974915
EA,0000712515,2019,4845000000,1224000000,1339000000,47000000,243000000,967000000,115000000,,6004000000,2491000000,2493000000,,,,,,,1020000000,304000000,0.20082644628099172
EA,0000712515,2020,5150000000,1434000000,1554000000,44000000,406000000,1043000000,120000000,,6381000000,2265000000,2565000000,,,,,,,1551000000,531000000,0.28019323671497587
EA,0000712515,2021,4950000000,996000000,1117000000,45000000,60000000,1019000000,121000000,8000000,6517000000,2664000000,4258000000,,,,,,,-405000000,-1956000000,0.05560704355885079
EA,0000712515,2022,5537000000,1445000000,1565000000,44000000,-1531000000,3039000000,120000000,8000000,7213000000,2964000000,4708000000,,,,,,,-459000000,-54000000,-1.0152519893899203
EA,0000712515,2023,5629000000,1046000000,1184000000,45000000,180000000,837000000,138000000,17000000,4151000000,3513000000,,,,,,,,638000000,1097000000,0.17699115044247787
EA,0000712515,2024,6991000000,1129000000,1291000000,58000000,292000000,789000000,162000000,19000000,3969000000,3285000000,,,,,,,,684000000,46000000,0.27012025901942643
EA,0000712515,2025,7426000000,1332000000,1525000000,58000000,524000000,802000000,193000000,,4247000000,3090000000,,,,,,,,1157000000,473000000,0.3951734539969834
TTWO,0000946581,2010,,111034000,132356000,,13271000,,21322000,12123000,628567000,354293000,77757000,,,97063000,97063000,19306000,,196517000,,
TTWO,0000946581,2011,,-120179000,-102605000,,4487000,-140454000,17574000,11176000,566603000,230888000,280277000,,,107239000,107239000,-173038000,,55438000,-141079000,
TTWO,0000946581,2012,,77142000,92141000,,9819000,48458000,14999000,9653000,743617000,218725000,145838000,,,316340000,316340000,170502000,,379054000,323616000,0.16848842596564684
TTWO,0000946581,2013,,-84266000,-72143000,,3863000,-108816000,12123000,10786000,866152000,336999000,280359000,,,335202000,335202000,54843000,,248794000,-130260000,
TTWO,0000946581,2015,,5239000,15873000,,5050000,-29491000,10634000,16820000,1399440000,474820000,420279000,,,454031000,454031000,33752000,,504341000,255547000,
TTWO,0000946581,2016,,415256000,428615000,,14459000,361605000,13359000,29813000,1779859000,966260000,402502000,,,473030000,473030000,70528000,,411097000,-93244000,0.03844824285228046
TTWO,0000946581,2017,,-258463000,-237406000,,6590000,-279470000,21057000,49501000,2045276000,1220411000,935400000,,,497935000,497935000,-437465000,,-110535000,-521632000,
TTWO,0000946581,2018,,-10828000,17972000,,-30048000,-8302000,28800000,37280000,2195242000,1685892000,911120000,,,251929000,251929000,-659191000,,-401770000,-291235000,
TTWO,0000946581,2019,1779748000,91305000,122012000,,9662000,67303000,30707000,21167000,2409177000,1726929000,808973000,,,8068000,8068000,-800905000,,-126725000,275045000,0.1255375820178003
TTWO,0000946581,2020,1792892000,135577000,179546000,,-36908000,173533000,43969000,61557000,2827835000,1951794000,826525000,,,,,,,49516000,176241000,-0.2701408966148216
TTWO,0000946581,2021,2668394000,206672000,246904000,,-101052000,333837000,40232000,66969000,3493351000,2038539000,1357664000,,,,,,,97148000,47632000,-0.4341001353179973
TTWO,0000946581,2022,3088970000,425267000,473380000,,53980000,404459000,48113000,53384000,4220515000,2234715000,1422884000,,,,,,,562916000,465768000,0.11774739932684611
TTWO,0000946581,2023,3372800000,629400000,685000000,108600000,88900000,588900000,55600000,68900000,3871100000,2105000000,1732100000,0,,0,,,,34000000,-528916000,0.13115963411035703
TTWO,0000946581,2024,3504800000,473600000,534700000,108600000,47400000,418000000,61100000,158600000,2508100000,3851600000,827400000,1346800000,,1733000000,3079800000,2252400000,,-3517700000,-3551700000,0.10184787279759347
TTWO,0000946581,2025,5349900000,-1165200000,-1042900000,132000000,-213400000,-1124700000,122300000,204200000,2259700000,2406400000,754000000,24600000,,3058300000,3082900000,2328900000,,-925300000,2592400000,
XOM,0000034088,2009,,,,400000000,29864000000,40610000000,12250000000,15387000000,72266000000,49100000000,28244000000,2400000000,,,2400000000,-25844000000,,-7478000000,,0.42375911683741524
XOM,0000034088,2010,,,,673000000,36530000000,45220000000,12379000000,19318000000,55235000000,52061000000,33981000000,2476000000,348000000,,2824000000,-31157000000,,-33631000000,-26153000000,0.44685015290519875
XOM,0000034088,2011,301500000000,34777000000,46694000000,548000000,15119000000,19280000000,11917000000,22491000000,58984000000,62633000000,31437000000,2787000000,345000000,,3132000000,-28305000000,,-38218000000,-4587000000,0.4395185906567051
XOM,0000034088,2012,370125000000,52959000000,67719000000,259000000,21561000000,30460000000,14760000000,26871000000,72963000000,77505000000,10693000000,7711000000,3431000000,,11142000000,449000000,,-26377000000,11841000000,0.4144672343861133
XOM,0000034088,2013,467029000000,73257000000,88840000000,247000000,31051000000,41060000000,15583000000,30975000000,64460000000,64139000000,7825000000,3653000000,1025000000,7500000000,12178000000,4353000000,,-12182000000,14195000000,0.43060004714953337
XOM,0000034088,2014,451509000000,78726000000,94614000000,327000000,31045000000,44880000000,15888000000,34271000000,59308000000,71724000000,12664000000,15808000000,1034000000,6500000000,23342000000,10678000000,,-41922000000,-29740000000,0.4088903523213698
XOM,0000034088,2015,420836000000,57711000000,74893000000,9000000,24263000000,32580000000,17182000000,33669000000,52910000000,64633000000,9582000000,17468000000,770000000,11300000000,29538000000,19956000000,,-39543000000,2379000000,0.42684235525922276
XOM,0000034088,2016,394105000000,51630000000,68927000000,286000000,18015000000,32520000000,17297000000,32952000000,42623000000,53976000000,4644000000,18762000000,558000000,18700000000,38020000000,33376000000,,-35317000000,4226000000,0.3564856040368062
XOM,0000034088,2017,239854000000,21966000000,40014000000,311000000,5415000000,16150000000,18048000000,26490000000,41416000000,47638000000,4616000000,13830000000,2960000000,27700000000,44490000000,39874000000,,-27628000000,7689000000,0.2511013215859031
XOM,0000034088,2018,200628000000,7969000000,30277000000,453000000,-406000000,7840000000,22308000000,16163000000,47134000000,57771000000,3705000000,17930000000,4766000000,23100000000,45796000000,42091000000,,-37038000000,-9410000000,-0.054613935969868174
XOM,0000034088,2019,244363000000,18674000000,38567000000,601000000,-1174000000,19710000000,19893000000,15402000000,47973000000,57138000000,3042000000,17258000000,1617000000,,18875000000,15833000000,,-31082000000,5956000000,-0.06333621061717738
XOM,0000034088,2020,290212000000,30953000000,49698000000,766000000,9532000000,20840000000,18745000000,19574000000,50052000000,63989000000,3089000000,20578000000,2930000000,,23508000000,20419000000,,-40534000000,-9452000000,0.313841696299223
XOM,0000034088,2021,264938000000,20056000000,39054000000,830000000,5282000000,14340000000,18998000000,24361000000,44893000000,56363000000,4364000000,20458000000,2392000000,,22850000000,18486000000,,-38684000000,1850000000,0.2691876465192131
XOM,0000034088,2022,181502000000,-28883000000,17126000000,1158000000,-5632000000,-22440000000,46009000000,17282000000,59154000000,56643000000,6802000000,4276000000,181000000,,4457000000,-2345000000,,-8748000000,29936000000,
XOM,0000034088,2023,285640000000,31234000000,51841000000,947000000,7636000000,23040000000,20607000000,12076000000,97631000000,69045000000,29640000000,634000000,4009000000,,4643000000,-24997000000,,-5697000000,3051000000,0.24892424044855913
XOM,0000034088,2024,413680000000,77753000000,101793000000,798000000,20176000000,55740000000,24040000000,18407000000,96609000000,65316000000,31539000000,4090000000,4892000000,,8982000000,-22557000000,,-9228000000,-3531000000,0.26576742715633067
CVX,0000093410,2009,220904000000,,,166000000,13479000000,18688000000,8708000000,,36470000000,32023000000,10493000000,2818000000,,5742000000,8560000000,-1933000000,,-8864000000,,0.4190319271302888
CVX,0000093410,2010,273005000000,,,28000000,19026000000,23931000000,9528000000,,37216000000,26211000000,7362000000,384000000,66000000,9829000000,10279000000,2917000000,,3193000000,12057000000,0.4429080243033731
CVX,0000093410,2011,171636000000,,,28000000,7965000000,10483000000,12110000000,,48841000000,29012000000,9347000000,187000000,33000000,11003000000,11223000000,1876000000,,10262000000,7069000000,0.43175411968777105
CVX,0000093410,2012,204928000000,,,50000000,12919000000,19024000000,13063000000,,53234000000,33600000000,8716000000,340000000,17000000,9684000000,10041000000,1325000000,,10561000000,299000000,0.4044391572488495
CVX,0000093410,2013,253706000000,,,0,20626000000,26895000000,12911000000,,55720000000,34212000000,14060000000,127000000,20000000,11966000000,12113000000,-1947000000,,7301000000,-3260000000,0.43403968771700935
CVX,0000093410,2014,241909000000,,,0,19996000000,26179000000,13413000000,,50250000000,33018000000,15864000000,374000000,0,19960000000,20334000000,4470000000,,994000000,-6307000000,0.4330481862479697
CVX,0000093410,2015,228848000000,,,0,14308000000,21423000000,14186000000,,42232000000,31926000000,20939000000,3790000000,0,23960000000,27750000000,6811000000,,-14423000000,-15417000000,0.4004365956732249
CVX,0000093410,2016,211970000000,,,0,11892000000,19241000000,16793000000,,34430000000,25467000000,16245000000,4927000000,1486000000,33542000000,39955000000,23710000000,,-13695000000,728000000,0.38197411107185303
CVX,0000093410,2017,138477000000,,,0,132000000,4587000000,21037000000,,29619000000,31785000000,12785000000,10840000000,6253000000,35193000000,52286000000,39501000000,,-32044000000,-18349000000,0.027972027972027972
CVX,0000093410,2018,114472000000,,,201000000,-1729000000,-497000000,19457000000,,28560000000,27737000000,11022000000,5192000000,6720000000,,11912000000,890000000,,-22111000000,9933000000,
CVX,0000093410,2019,141722000000,,,307000000,-48000000,9195000000,19349000000,,34021000000,27171000000,,5726000000,5000000000,,10726000000,,,-3876000000,18235000000,-0.005247622171203673
CVX,0000093410,2020,166339000000,,,748000000,5715000000,14824000000,19419000000,,28329000000,26530000000,,3282000000,5054000000,,8336000000,,,-6537000000,-2661000000,0.2782511319927942
CVX,0000093410,2021,146516000000,,,798000000,2691000000,2924000000,29218000000,,26078000000,22183000000,,1548000000,2600000000,,4148000000,,,-253000000,6284000000,0.4792520035618878
CVX,0000093410,2022,94692000000,,,697000000,-1892000000,-5543000000,19508000000,,33738000000,26791000000,5596000000,256000000,4946000000,,5202000000,-394000000,,-3851000000,-3598000000,
CVX,0000093410,2023,162465000000,,,712000000,5950000000,15625000000,17925000000,,50343000000,34208000000,5640000000,1964000000,2694000000,,4658000000,-982000000,,5837000000,9688000000,0.27578215527230593
CVX,0000093410,2024,246252000000,,,516000000,14066000000,35465000000,16319000000,,41128000000,32258000000,,529000000,1650000000,,2179000000,,,6691000000,854000000,0.2839837677414145
COP,0001163165,2009,,,,,11381000000,11891000000,8298000000,,20843000000,21780000000,817000000,370000000,,,370000000,-447000000,,-2124000000,,0.4890426263320729
COP,0001163165,2010,,,,1189000000,13419000000,-16349000000,9012000000,,21167000000,23695000000,1456000000,1728000000,,,1728000000,272000000,,-5712000000,-3588000000,
COP,0001163165,2011,,,,1485000000,5090000000,4414000000,9295000000,,34660000000,27419000000,755000000,936000000,,,936000000,181000000,,5550000000,11262000000,0.5355639730639731
COP,0001163165,2012,63335000000,,,1401000000,7570000000,11358000000,8004000000,,30218000000,28068000000,542000000,1013000000,,,1013000000,471000000,,595000000,-4955000000,0.3999366018596788
COP,0001163165,2013,66069000000,,,1230000000,8208000000,12436000000,6827000000,,23989000000,17443000000,9454000000,955000000,,,955000000,-8499000000,,-3863000000,-4458000000,0.39759736485177294
COP,0001163165,2014,62004000000,,,1170000000,7942000000,8428000000,6580000000,,19023000000,15129000000,5780000000,589000000,,,589000000,-5191000000,,-2475000000,1388000000,0.4851557727550397
COP,0001163165,2015,58248000000,,,1087000000,6409000000,9156000000,7434000000,,15068000000,11537000000,3618000000,182000000,,,182000000,-3436000000,,-269000000,2206000000,0.4117571474461934
COP,0001163165,2016,55517000000,,,1063000000,3583000000,6869000000,8329000000,,8789000000,9256000000,6246000000,1427000000,,,1427000000,-4819000000,,-8140000000,-7871000000,0.34280520474550324
COP,0001163165,2017,30935000000,-7239000000,1874000000,1130000000,-2868000000,-4428000000,9113000000,,8609000000,6909000000,5062000000,1089000000,,,1089000000,-3973000000,,-4451000000,3689000000,
COP,0001163165,2018,24360000000,-5530000000,3532000000,1279000000,-1971000000,-3615000000,9062000000,,16512000000,9397000000,6325000000,2575000000,,22435000000,25010000000,18685000000,,-1785000000,2666000000,
COP,0001163165,2019,32584000000,-2615000000,4230000000,1114000000,-1822000000,-855000000,6845000000,,13274000000,7395000000,5915000000,112000000,,,112000000,-5803000000,,-148000000,1637000000,
COP,0001163165,2020,38727000000,9973000000,15929000000,838000000,3668000000,6257000000,5956000000,,16913000000,7043000000,5088000000,105000000,,,105000000,-4983000000,,4677000000,4825000000,0.36957178841309823
COP,0001163165,2021,36670000000,9524000000,15614000000,799000000,2267000000,7189000000,6090000000,,12066000000,5366000000,2991000000,619000000,,,619000000,-2372000000,,3090000000,-1587000000,0.2397419627749577
COP,0001163165,2022,18784000000,-3140000000,2381000000,788000000,-485000000,-2701000000,5521000000,,16050000000,12021000000,5028000000,1200000000,,,1200000000,-3828000000,,-2199000000,-5289000000,
COP,0001163165,2023,45828000000,12712000000,19920000000,887000000,4633000000,8079000000,7208000000,,18749000000,12847000000,6458000000,417000000,,,417000000,-6041000000,,-973000000,1226000000,0.3644587791063562
COP,0001163165,2024,78494000000,28228000000,35732000000,791000000,9548000000,18680000000,7504000000,,14330000000,10005000000,5635000000,1074000000,,,1074000000,-4561000000,,-2384000000,-1411000000,0.3382457134759813
SLB,0000087347,2009,23277000000,,,275000000,1448000000,5177000000,1954000000,2931000000,12986000000,8175000000,166000000,459000000,1139000000,,1598000000,1432000000,,3047000000,,0.21856603773584907
SLB,0000087347,2010,27163000000,,,247000000,1430000000,5435000000,2269000000,3723000000,13650000000,7259000000,623000000,360000000,444000000,,804000000,181000000,,4964000000,1917000000,0.20830298616168974
SLB,0000087347,2011,22702000000,,,221000000,770000000,3134000000,2476000000,2395000000,18098000000,10865000000,609000000,381000000,2214000000,,2595000000,1986000000,,4029000000,-935000000,0.19723360655737704
SLB,0000087347,2012,26672000000,,,207000000,879000000,4267000000,2757000000,2912000000,20539000000,10538000000,617000000,336000000,1041000000,,1377000000,760000000,,8007000000,3978000000,0.1708122813835989
SLB,0000087347,2013,36579000000,,,298000000,1492000000,4997000000,3274000000,4004000000,24156000000,12368000000,1764000000,958000000,1163000000,,2121000000,357000000,,7903000000,-104000000,0.22992756973339498
SLB,0000087347,2014,41731000000,,,340000000,1700000000,5490000000,3647000000,4694000000,26225000000,13525000000,1705000000,964000000,1819000000,10393000000,13176000000,11471000000,,8212000000,309000000,0.2364394993045897
SLB,0000087347,2015,45266000000,9344000000,13223000000,391000000,1848000000,6732000000,3879000000,3943000000,24694000000,14176000000,,1521000000,1244000000,10565000000,13330000000,,,7753000000,-459000000,0.2153846153846154
SLB,0000087347,2016,48580000000,10576000000,14670000000,369000000,1928000000,5438000000,4094000000,3976000000,26912000000,14121000000,,1546000000,3011000000,14442000000,18999000000,,,8234000000,481000000,0.2617431441759435
SLB,0000087347,2017,35475000000,6510000000,10588000000,346000000,746000000,2072000000,4078000000,2410000000,23927000000,15059000000,,,,16463000000,16463000000,,,8868000000,634000000,0.26472675656493966
SLB,0000087347,2018,,3273000000,7367000000,570000000,-278000000,-1687000000,4094000000,2055000000,18497000000,15282000000,,,,14875000000,14875000000,,,3215000000,-5653000000,
SLB,0000087347,2019,,3921000000,7758000000,566000000,330000000,-1505000000,3837000000,2107000000,15731000000,13486000000,,,,14644000000,14644000000,,,2245000000,-970000000,
SLB,0000087347,2020,,4187000000,7743000000,575000000,447000000,2138000000,3556000000,2160000000,15530000000,13098000000,,,,14770000000,14770000000,,,2432000000,187000000,0.17292069632495163
SLB,0000087347,2021,,3978000000,7567000000,609000000,-311000000,-10137000000,3589000000,1724000000,12919000000,10491000000,,,,16036000000,16036000000,,,2428000000,-4000000,
SLB,0000087347,2022,,2401000000,4967000000,563000000,-812000000,-10518000000,2566000000,1116000000,12654000000,10359000000,,,,13286000000,13286000000,,,2295000000,-133000000,
SLB,0000087347,2023,,3365000000,5485000000,539000000,446000000,1881000000,2120000000,1141000000,15003000000,12018000000,,,,10594000000,10594000000,,,2985000000,690000000,0.19166308551783412
SLB,0000087347,2024,,,,490000000,779000000,3441000000,2147000000,1618000000,17718000000,13395000000,,,,10842000000,10842000000,,,4323000000,1338000000,0.18459715639810426
MPC,0001510295,2011,45530000000,836000000,1506000000,15000000,236000000,449000000,670000000,2891000000,10056000000,8620000000,108000000,,11000000,268000000,279000000,171000000,,1317000000,,0.3445255474452555
MPC,0001510295,2012,17842000000,1011000000,1952000000,18000000,400000000,623000000,941000000,1217000000,12001000000,9591000000,128000000,15000000,,,15000000,-113000000,,2267000000,950000000,0.39100684261974583
MPC,0001510295,2013,20265000000,3745000000,4636000000,164000000,1330000000,2389000000,891000000,1185000000,13029000000,8203000000,118000000,19000000,,,19000000,-99000000,,4689000000,2422000000,0.3576230169400376
MPC,0001510295,2014,23330000000,5347000000,6342000000,191000000,1845000000,3389000000,995000000,1369000000,12737000000,9824000000,3079000000,23000000,,,23000000,-3056000000,,-189000000,-4878000000,0.35250286587695834
MPC,0001510295,2015,23285000000,3425000000,4645000000,195000000,1113000000,2112000000,1220000000,1206000000,11339000000,8579000000,4860000000,27000000,,,27000000,-4833000000,,-2127000000,-1938000000,0.34511627906976744
MPC,0001510295,2016,17191000000,4051000000,5377000000,229000000,1280000000,2524000000,1326000000,1480000000,9471000000,6345000000,2292000000,29000000,,,29000000,-2263000000,,805000000,2932000000,0.33648790746582546
MPC,0001510295,2017,12755000000,4692000000,6194000000,325000000,1506000000,2852000000,1502000000,1998000000,10401000000,7146000000,1494000000,28000000,,,28000000,-1466000000,,1733000000,928000000,0.3455713630105553
MPC,0001510295,2018,16288000000,2386000000,4387000000,602000000,609000000,1174000000,2001000000,2892000000,13401000000,10478000000,3011000000,624000000,,,624000000,-2387000000,,-712000000,-2445000000,0.3415591699383062
MPC,0001510295,2019,18866000000,4018000000,6132000000,688000000,-460000000,3432000000,2114000000,2732000000,18023000000,13216000000,1687000000,544000000,,,544000000,-1143000000,,2576000000,3288000000,-0.15477792732166892
MPC,0001510295,2020,,4690000000,6860000000,1025000000,764000000,2780000000,2170000000,3179000000,30458000000,16948000000,1393000000,704000000,,,704000000,-689000000,,11413000000,8837000000,0.21557562076749437
MPC,0001510295,2021,,4462000000,7687000000,1389000000,784000000,2637000000,3225000000,4810000000,28287000000,15663000000,415000000,2854000000,,,2854000000,2439000000,,9355000000,-2058000000,0.22917275650394622
MPC,0001510295,2022,,-12247000000,-8872000000,1462000000,-2430000000,-9826000000,3375000000,2787000000,30496000000,17898000000,5291000000,571000000,,,571000000,-4720000000,,6736000000,-2619000000,
MPC,0001510295,2023,,4300000000,7664000000,1340000000,264000000,9738000000,3364000000,1464000000,35242000000,20020000000,8625000000,1066000000,,,1066000000,-7559000000,,5531000000,-1205000000,0.026394721055788842
MPC,0001510295,2024,,21469000000,24684000000,1299000000,4491000000,14516000000,3215000000,2420000000,32131000000,20150000000,5443000000,1954000000,,,1954000000,-3489000000,,4584000000,-947000000,0.236281370021571
PSX,0001534701,2012,,1319000000,,,579000000,735000000,,,13948000000,12384000000,0,30000000,,,30000000,30000000,,1534000000,,0.4406392694063927
PSX,0001534701,2013,,6559000000,,,1822000000,4775000000,,,17962000000,12482000000,0,13000000,,,13000000,13000000,,5467000000,3933000000,0.2761861452175231
PSX,0001534701,2014,,6556000000,,,2473000000,4124000000,,,19237000000,12931000000,0,24000000,,28000000,52000000,52000000,,6282000000,815000000,0.3748673639533121
PSX,0001534701,2015,,5526000000,,,1844000000,3726000000,,,16692000000,11094000000,3474000000,842000000,,1100000000,1942000000,-1532000000,,1282000000,-5000000000,0.3310592459605027
PSX,0001534701,2016,,5745000000,,,1654000000,4762000000,,,12256000000,7531000000,5400000000,44000000,1000000000,,1044000000,-4356000000,,-1719000000,-3001000000,0.2577930174563591
PSX,0001534701,2017,,6044000000,,,1764000000,4227000000,,,12680000000,9463000000,2711000000,550000000,,,550000000,-2161000000,,-44000000,1675000000,0.2944416624937406
PSX,0001534701,2018,23595000000,2191000000,,,547000000,1555000000,,,14390000000,10107000000,3119000000,41000000,,,41000000,-3078000000,,1123000000,1167000000,0.2602283539486204
PSX,0001534701,2019,23595000000,3555000000,,,-1693000000,5106000000,,,13209000000,8935000000,3019000000,67000000,,,67000000,-2952000000,,1188000000,65000000,-0.4960445355991796
PSX,0001534701,2020,111461000000,7445000000,8801000000,493000000,1572000000,5595000000,1356000000,,14395000000,11646000000,1614000000,547000000,,,547000000,-1067000000,,588000000,-600000000,0.21933863541230642
PSX,0001534701,2021,107293000000,,,504000000,801000000,3076000000,1341000000,,13276000000,9518000000,2514000000,987000000,,,987000000,-1527000000,,257000000,-331000000,0.20660304359040496
PSX,0001534701,2022,64129000000,,,550000000,-1250000000,-3975000000,1395000000,,14697000000,12801000000,3147000000,1489000000,,,1489000000,-1658000000,,-2740000000,-2997000000,
PSX,0001534701,2023,111476000000,,,567000000,146000000,1317000000,1605000000,,21922000000,15889000000,6133000000,529000000,,,529000000,-5604000000,,-629000000,2111000000,0.09979494190020506
PSX,0001534701,2024,169990000000,,,611000000,3248000000,11024000000,1629000000,,19941000000,15856000000,3323000000,1482000000,,,1482000000,-1841000000,,-720000000,-91000000,0.22757847533632286
VLO,0001035002,2009,,6630000000,7874000000,466000000,2059000000,5234000000,1244000000,,9450000000,6209000000,1590000000,312000000,,,312000000,-1278000000,,1339000000,,0.28232551761963526
VLO,0001035002,2010,,,,,,-1131000000,,,10922000000,7809000000,2464000000,237000000,,7364000000,7601000000,5137000000,,412000000,-927000000,
VLO,0001035002,2011,,83000000,1444000000,,-43000000,-1982000000,1361000000,,13518000000,8784000000,940000000,822000000,,8300000000,9122000000,8182000000,,2972000000,2560000000,
VLO,0001035002,2012,,1876000000,3281000000,484000000,575000000,324000000,1405000000,,15972000000,12708000000,825000000,1009000000,,7690000000,8699000000,7874000000,,1430000000,-1542000000,0.639599555061179
VLO,0001035002,2013,,3680000000,5214000000,401000000,1226000000,2090000000,1534000000,2355000000,16460000000,11929000000,3334000000,586000000,,7000000000,7586000000,4252000000,,611000000,-819000000,0.36972255729794934
VLO,0001035002,2014,,5044000000,6618000000,314000000,1626000000,2083000000,1574000000,2931000000,19277000000,13123000000,1024000000,303000000,,6525000000,6828000000,5804000000,,4827000000,4216000000,0.4383930978700458
VLO,0001035002,2015,,3957000000,5677000000,365000000,1254000000,2720000000,1720000000,2121000000,16614000000,9980000000,1723000000,606000000,,6354000000,6960000000,5237000000,,4305000000,-522000000,0.3155510820332159
VLO,0001035002,2016,,5902000000,,397000000,1777000000,3630000000,,2153000000,14898000000,6994000000,4292000000,127000000,,7250000000,7377000000,3085000000,,3485000000,-820000000,0.32864804882559645
VLO,0001035002,2017,,6358000000,,433000000,1870000000,3990000000,,1618000000,16800000000,8328000000,3689000000,115000000,,7926000000,8041000000,4352000000,,4668000000,1183000000,0.3191126279863481
VLO,0001035002,2018,,3534000000,,446000000,765000000,2289000000,,,19312000000,11071000000,4114000000,122000000,,8310000000,8432000000,4318000000,,4005000000,-663000000,0.2504911591355599
VLO,0001035002,2019,,3563000000,,468000000,-949000000,4065000000,,,17675000000,10724000000,2982000000,238000000,,8503000000,8741000000,5759000000,,3731000000,-274000000,-0.3045571245186136
VLO,0001035002,2020,,4572000000,,470000000,879000000,3122000000,,,18969000000,13160000000,2583000000,494000000,,8881000000,9375000000,6792000000,,2732000000,-999000000,0.21969507623094225
VLO,0001035002,2021,,3836000000,,454000000,702000000,2422000000,,,15844000000,9283000000,3313000000,723000000,,11950000000,12673000000,9360000000,,2525000000,-207000000,0.22471190781049935
VLO,0001035002,2022,,-1579000000,,563000000,-903000000,-1421000000,,,21165000000,16851000000,4122000000,1264000000,,9241000000,10505000000,6383000000,,-1072000000,-3597000000,
VLO,0001035002,2023,,2130000000,,603000000,255000000,930000000,,,24133000000,17461000000,4862000000,1109000000,,9218000000,10327000000,5465000000,,701000000,1773000000,0.21518987341772153
VLO,0001035002,2024,,15690000000,,562000000,3428000000,11528000000,,,26221000000,16802000000,5424000000,1406000000,,8085000000,9491000000,4067000000,,2589000000,1888000000,0.22920566996523134
EOG,0000821189,2009,4239303000,1648396000,2713941000,,540950000,1089918000,1065545000,,2108451000,1764916000,218255000,,37000000,1860000000,1897000000,1678745000,,88280000,,0.33169453321789377
EOG,0000821189,2010,7127143000,3767185000,5094060000,,1309620000,2436919000,1326875000,,1839541000,1345560000,54231000,,37000000,2760000000,2797000000,2742769000,,402750000,314470000,0.3495546156065638
EOG,0000821189,2011,4786959000,970841000,2520029000,100901000,325384000,546627000,1549188000,334000000,2527446000,2220099000,331311000,,220000000,5003341000,5223341000,4892030000,,-243964000,-646714000,0.37314208192327847
EOG,0000821189,2012,6099896000,523319000,2465245000,129586000,247322000,160654000,1941926000,709000000,3253938000,2522319000,685751000,,0,5009166000,5009166000,4323415000,,45868000,289832000,0.6062170323744533
EOG,0000821189,2013,10126115000,2113309000,4629690000,210363000,818676000,1091123000,2516381000,663000000,3589884000,2924058000,788853000,,406579000,5905602000,6312181000,5523328000,,-529606000,-575474000,0.4286712894917214
EOG,0000821189,2014,11682636000,1479797000,4649500000,213552000,710461000,570279000,3169703000,734000000,4072015000,2861716000,615726000,,6579000,5906642000,5913221000,5297495000,,587994000,1117600000,0.5547269547292971
EOG,0000821189,2015,14487118000,3675211000,7276187000,235460000,1239777000,2197109000,3600976000,731000000,5416021000,3384308000,876435000,,6579000,5903354000,5909933000,5033498000,,1148699000,560705000,0.3607268323709311
EOG,0000821189,2016,18035340000,5241823000,9238864000,201458000,2079828000,2915487000,3997041000,972000000,2592244000,1819287000,1318209000,,6579000,6648911000,6655490000,5337281000,,-551831000,-1700530000,0.4163557253146198
EOG,0000821189,2017,8757428000,-6686079000,-3372435000,237393000,-2397041000,-4524515000,3313644000,416000000,3385216000,2027291000,2087213000,,6579000,6979779000,6986358000,4899145000,,-735867000,-184036000,
EOG,0000821189,2018,7650632000,-1225281000,2328136000,281681000,-460819000,-1096686000,3553417000,388000000,3279108000,2725542000,718506000,,356235000,6030836000,6387071000,5668565000,,-521175000,214692000,
EOG,0000821189,2019,11208320000,926402000,4335789000,274372000,-1921397000,2582579000,3409387000,475000000,5057390000,3728364000,1599895000,,913093000,5170169000,6083262000,4483367000,,-1183962000,-662787000,-2.9060031882295645
EOG,0000821189,2020,17275399000,4469346000,7904754000,245052000,821958000,3419040000,3435408000,592000000,5273339000,4486988000,834228000,,1014524000,4160919000,5175443000,4341215000,,-1062401000,121561000,0.19381239981721282
EOG,0000821189,2021,17380000000,3699000000,7449000000,185000000,810000000,2735000000,3750000000,612000000,5862000000,3460000000,3329000000,,781000000,5035000000,5816000000,2487000000,,-1708000000,-645599000,0.22849083215796898
EOG,0000821189,2022,11032000000,-544000000,2856000000,205000000,-134000000,-605000000,3400000000,414000000,8584000000,4042000000,5209000000,,37000000,5072000000,5109000000,-100000000,,-704000000,1004000000,
EOG,0000821189,2023,18642000000,6102000000,9753000000,178000000,1269000000,4664000000,3651000000,592000000,10475000000,5513000000,5972000000,,1283000000,3795000000,5078000000,-894000000,,-2293000000,-1589000000,0.21388842069779201
EOG,0000821189,2024,25702000000,9966000000,13508000000,179000000,2142000000,7759000000,3542000000,713000000,9935000000,4074000000,5278000000,,34000000,3765000000,3799000000,-1479000000,,549000000,2842000000,0.21634178365821635
OXY,0000797468,2009,,,,,3507000000,5400000000,2379000000,3360000000,7172000000,6134000000,1339000000,698000000,,2049000000,2747000000,1408000000,,-999000000,,0.3937352643987875
OXY,0000797468,2010,,,,,4877000000,6857000000,2396000000,4126000000,10607000000,6491000000,1962000000,239000000,239000000,2557000000,3035000000,1073000000,,1676000000,2675000000,0.4156297937617181
OXY,0000797468,2011,,,,,2063000000,2915000000,2687000000,3245000000,13059000000,7825000000,1777000000,,,5111000000,5111000000,3334000000,,3457000000,1781000000,0.4144234632382483
OXY,0000797468,2012,,,,,2995000000,4530000000,3153000000,3940000000,11542000000,7947000000,1224000000,600000000,-600000000,5871000000,5871000000,4647000000,,2371000000,-1086000000,0.39800664451827245
OXY,0000797468,2013,,,,,4201000000,6771000000,3591000000,7518000000,9492000000,7290000000,2578000000,600000000,-600000000,7023000000,7023000000,4445000000,,-376000000,-2747000000,0.3828837039737514
OXY,0000797468,2014,,,,,2659000000,4598000000,3585000000,7874000000,11323000000,8434000000,3781000000,,,6939000000,6939000000,3158000000,,-892000000,-516000000,0.36640485048918287
OXY,0000797468,2015,,,,,3214000000,5903000000,4203000000,7357000000,13873000000,8244000000,1592000000,,1450000000,6838000000,8288000000,6696000000,,2587000000,3479000000,0.3525282439398925
OXY,0000797468,2016,,1541000000,5802000000,,1685000000,616000000,4261000000,8930000000,9402000000,6842000000,3393000000,,1450000000,6855000000,8305000000,4912000000,,-2283000000,-4870000000,0.732290308561495
OXY,0000797468,2017,,-9476000000,-4932000000,,-1330000000,-7829000000,4544000000,5272000000,8428000000,6362000000,3789000000,,500000000,9819000000,10319000000,6530000000,,-2223000000,60000000,
OXY,0000797468,2018,15560000000,-1664000000,2604000000,,-662000000,-574000000,4268000000,2717000000,8270000000,7400000000,1672000000,,500000000,9328000000,9828000000,8156000000,,-1302000000,921000000,
OXY,0000797468,2019,12508000000,1328000000,5330000000,,17000000,1311000000,4002000000,3599000000,9932000000,7412000000,3033000000,,116000000,10201000000,10317000000,7284000000,,-629000000,673000000,0.012801204819277108
OXY,0000797468,2020,17824000000,5608000000,9585000000,,1477000000,,3977000000,4975000000,14633000000,12705000000,3032000000,,51000000,38537000000,38588000000,35556000000,,-1155000000,-526000000,
OXY,0000797468,2021,20911000000,354000000,6494000000,,861000000,,6140000000,6367000000,8819000000,8223000000,2008000000,,,,,,,-1412000000,-257000000,
OXY,0000797468,2022,17809000000,-15705000000,-7608000000,,-2172000000,-14831000000,8097000000,2535000000,10211000000,8324000000,2764000000,,,,,,,-877000000,535000000,
OXY,0000797468,2023,25956000000,3705000000,12152000000,,915000000,2322000000,8447000000,2870000000,8886000000,7757000000,984000000,,,,,,,145000000,1022000000,0.28266913809082483
OXY,0000797468,2024,36634000000,14117000000,21043000000,,813000000,,6926000000,4497000000,8375000000,9148000000,1426000000,,,,,,,-2199000000,-2344000000,
